ID,URL,ESTADO,ALCANCE,INSTITUCIÓN,NOMBRE,BENEFICIARIO,INICIO,FIN,MONTO,FECHA_EXTRACCION
1,https://fondos.gob.cl/ficha/corfo/incentivo_tributario/,ABIERTO,Nacional,Corporación de Fomento de la Producción - CORFO,LEY INCENTIVO TRIBUTARIO A LA I+D,Personas Naturales y Jurídicas,01/01/2024,31/12/2024,15.000 UTM,2024-11-26 10:42:25
2,https://fondos.gob.cl/ficha/prochile/marcas-sectoriales/,ABIERTO,Nacional,Dirección General de Promoción de Exportaciones - ProChile,CONCURSO MARCAS SECTORIALES,Organizaciones,01/01/2024,31/12/2024,No aplica,2024-11-26 10:42:25
3,https://fondos.gob.cl/ficha/subdere/pmb/,ABIERTO,Comunal,Subsecretaría De Desarrollo Regional y Administrativo - SUBDERE,PROGRAMA MEJORAMIENTO DE BARRIOS,Organizaciones,01/01/2024,31/12/2024,No aplica,2024-11-26 10:42:25
4,https://fondos.gob.cl/ficha/corfo/innovaaltatecnologia/,ABIERTO,Nacional,Corporación de Fomento de la Producción - CORFO,INNOVA ALTA TECNOLOGÍA,Personas Naturales y Jurídicas,11/01/2024,30/12/2024,Hasta $1.000.000.000,2024-11-26 10:42:25
5,https://fondos.gob.cl/ficha/corfo/pat2024/,ABIERTO,Nacional,Corporación de Fomento de la Producción - CORFO,PROGRAMA ABSORCIÓN TECNÓLOGICA,Personas Naturales y Jurídicas,30/01/2024,30/12/2024,Hasta $300.000.000,2024-11-26 10:42:25
6,https://fondos.gob.cl/ficha/minenergia/mte-ohiggins/,ABIERTO,Regional,Ministerio de Energía,MI TAXI ELÉCTRICO O'HIGGINS,Personas Naturales y Jurídicas,13/03/2024,30/10/2025,Hasta $16.000.000,2024-11-26 10:42:25
7,https://fondos.gob.cl/ficha/minenergia/mte-antofagasta/,ABIERTO,Regional,Ministerio de Energía,MI TAXI ELÉCTRICO ANTOFAGASTA,Personas Naturales y Jurídicas,26/03/2024,30/10/2025,Hasta $16.000.000,2024-11-26 10:42:25
8,https://fondos.gob.cl/ficha/minenergia/mte-atacama/,ABIERTO,Regional,Ministerio de Energía,MI TAXI ELÉCTRICO ATACAMA,Personas Naturales y Jurídicas,30/04/2024,30/10/2025,Hasta $16.000.000,2024-11-26 10:42:25
9,https://fondos.gob.cl/ficha/minenergia/mte-biobio/,ABIERTO,Regional,Ministerio de Energía,MI TAXI ELÉCTRICO BÍOBÍO,Personas Naturales y Jurídicas,30/04/2024,30/10/2025,Hasta $16.000.000,2024-11-26 10:42:25
10,https://fondos.gob.cl/ficha/corfo/red-proveedores/,ABIERTO,Regional,Corporación de Fomento de la Producción - CORFO,RED PROVEEDORES,Organizaciones,29/05/2024,29/12/2024,Hasta $50.000.000,2024-11-26 10:42:25
11,https://fondos.gob.cl/ficha/corfo/red-asociativa/,ABIERTO,Nacional,Corporación de Fomento de la Producción - CORFO,RED ASOCIATIVA,Organizaciones,13/06/2024,31/12/2024,Hasta $40.000.000,2024-11-26 10:42:25
12,https://fondos.gob.cl/ficha/corfo/activa-riego/,ABIERTO,Regional,Corporación de Fomento de la Producción - CORFO,ACTIVA RIEGO,Organizaciones,13/06/2024,31/12/2024,Hasta $9.000.000,2024-11-26 10:42:25
13,https://fondos.gob.cl/ficha/mma/fpr-2025/,ABIERTO,Nacional,Ministerio del Medio Ambiente,FONDO PARA EL RECICLAJE 2025,Organizaciones,16/10/2024,29/11/2024,$14.000.000,2024-11-26 10:42:25
14,https://fondos.gob.cl/ficha/mma/fpa2024-2025/,ABIERTO,Nacional,Ministerio del Medio Ambiente,FORJADORES AMBIENTALES EN ACCIÓN,Persona Jurídica,18/10/2024,29/11/2024,$43.000.000,2024-11-26 10:42:25
15,https://fondos.gob.cl/ficha/mincap/inversionaudiovisual/,ABIERTO,Nacional,"Ministerio de las Culturas, las Artes y el Patrimonio",FONDO AUDIOVISUAL: Convocatoria Fondo de Inversión Audiovisual (FIA) 2025,Persona Jurídica,11/11/2024,23/12/2024,$200.000.000,2024-11-26 10:42:25
16,https://fondos.gob.cl/ficha/mincap/empleojoven-cultura/,ABIERTO,Nacional,"Ministerio de las Culturas, las Artes y el Patrimonio",Programa de Promoción y Fortalecimiento del Trabajo Cultural: Fomento al Primer Empleo Joven en Cultura para Personas Naturales 2024 – Segundo llamado,Persona Natural,15/11/2024,03/12/2024,No aplica,2024-11-26 10:42:25
17,https://fondos.gob.cl/ficha/mincap/cni2025/,ABIERTO,Nacional,"Ministerio de las Culturas, las Artes y el Patrimonio",CIRCULACIÓN NACIONAL E INTERNACIONAL 2025 - 1° PERÍODO,Personas Naturales y Jurídicas,21/11/2024,23/12/2024,Hasta $18.000.000,2024-11-26 10:42:25
18,https://fondos.gob.cl/ficha/mma/fpa-educandoconnaturaleza/,ABIERTO,Regional,Ministerio del Medio Ambiente,Fondo de Protección Ambiental 2025: Educando con la Naturaleza: Implementación de Bosques Escuela en la Región Metropolitana,Persona Jurídica,22/11/2024,10/01/2025,$60.000.000,2024-11-26 10:42:25
19,https://fondos.gob.cl/ficha/mma/fpr-conservacion-humedales-urbanos/,CERRADO,Nacional,Ministerio del Medio Ambiente,Fondo de Protección Ambiental / Conservación de Humedales Urbanos,Organizaciones,30/10/2020,10/12/2020,Hasta $7.000.000,2024-11-26 10:42:25
20,https://fondos.gob.cl/ficha/subde/energia-distrital/,CERRADO,Regional,Subsecretaria de Energía  - SUBDE,"APOYO TÉCNICO, NORMATIVO Y FINANCIERO PARA LA IMPLEMENTACIÓN DE PROYECTOS DE ENERGÍA DISTRITAL EN CHILE",Personas Naturales y Jurídicas,24/12/2020,31/12/2021,Sin Transferencia De Fondos,2024-11-26 10:42:25
21,https://fondos.gob.cl/ficha/mincap/papicifi/,CERRADO,Nacional,"Ministerio de las Culturas, las Artes y el Patrimonio",Programa de Apoyo para la Participación en Instancias Competitivas e Instancias Formativas Internacionales - Fondo Audiovisual,-,11/02/2021,22/09/2022,-,2024-11-26 10:42:25
22,https://fondos.gob.cl/ficha/munizapallar/fondeco-fondeve_subvencion/,CERRADO,Comunal,I. Municipalidad de Zapallar,Fondo de Desarrollo Vecinal  (FONDEVE)    Fondo de Desarrollo Comunal (FONDECO)   Subvención Municipal,Organizaciones,24/02/2021,17/03/2021,Hasta $1.500.000,2024-11-26 10:42:25
23,https://fondos.gob.cl/ficha/mincap/gesti%c3%b3n-cultural-local-2021/,CERRADO,Nacional,"Ministerio de las Culturas, las Artes y el Patrimonio",Fortalecimiento de la Planificación y la Gestión Cultural Local 2021,Organizaciones,14/04/2021,30/05/2021,Hasta $15.000.000,2024-11-26 10:42:25
24,https://fondos.gob.cl/ficha/mincap/fondo-audiovisual-tercera-convocatoria/,CERRADO,Nacional,"Ministerio de las Culturas, las Artes y el Patrimonio",Fondo Audiovisual / Programa de Apoyo para la participación en Mercados Internacionales 2021. Tercera convocatoria,Personas Naturales y Jurídicas,23/04/2021,14/06/2021,Sin Definir,2024-11-26 10:42:25
25,https://fondos.gob.cl/ficha/mincap/fondo-audiovisual-cuarta-convocatoria/,CERRADO,Nacional,"Ministerio de las Culturas, las Artes y el Patrimonio",Fondo Audiovisual / Programa de Apoyo para la participación en Mercados Internacionales 2021. Cuarta convocatoria,Personas Naturales y Jurídicas,15/06/2021,23/07/2021,Sin Definir,2024-11-26 10:42:25
26,https://fondos.gob.cl/ficha/mincap/organizaciones-culturales-comunitarias/,CERRADO,Nacional,"Ministerio de las Culturas, las Artes y el Patrimonio",Convocatoria Financiamiento para Iniciativas de Fortalecimiento de Organizaciones Culturales Comunitarias,Organizaciones,22/06/2021,05/08/2021,Hasta $6.000.000,2024-11-26 10:42:25
27,https://fondos.gob.cl/ficha/anid/idea-investigaci%c3%b3n-tecnol%c3%b3gica/,CERRADO,Nacional,Agencia Nacional de Investigacion y Desarrollo - ANID,IDeA en Investigación Tecnológica,Organizaciones,17/08/2021,03/11/2021,Hasta $200.000.000,2024-11-26 10:42:25
28,https://fondos.gob.cl/ficha/mincap/instcompetitivasyformativas4/,CERRADO,Nacional,"Ministerio de las Culturas, las Artes y el Patrimonio",Fondo Audiovisual / Programa de Apoyo para la Participación en Instancias Competitivas e Instancias Formativas Internacionales 2021. Cuarta Convocatoria,Persona Natural,19/08/2021,24/09/2021,Entre $750.000 y $3.250.000,2024-11-26 10:42:25
29,https://fondos.gob.cl/ficha/mma/fpa2022-rapanui-sustentable/,CERRADO,Comunal,Ministerio del Medio Ambiente,FPA 2022 – Rapa Nui Sustentable,Organizaciones,07/09/2021,08/10/2021,Hasta $10.000.000,2024-11-26 10:42:25
30,https://fondos.gob.cl/ficha/mincap/imagendechile-bolgnachildrensbookfair/,CERRADO,Nacional,"Ministerio de las Culturas, las Artes y el Patrimonio",Desarrollo de la imagen de Chile para su participación en la Bologna Children's Book Fair 2022 - Fondo del Libro y la Lectura,-,04/10/2021,03/11/2021,-,2024-11-26 10:42:25
31,https://fondos.gob.cl/ficha/mincap/libro-bologna2022/,CERRADO,Nacional,"Ministerio de las Culturas, las Artes y el Patrimonio",Convocatoria para participar en misión a feria del libro de Bologna 2022 - Fondo del Libro y la Lectura,-,16/11/2021,07/12/2021,-,2024-11-26 10:42:25
32,https://fondos.gob.cl/ficha/senama/ejecutores-intermedios/,CERRADO,Nacional,Servicio Nacional del Adulto Mayor - SENAMA,Fondo Nacional del Adulto Mayor Ejecutores Intermedios,Organizaciones,23/11/2021,06/12/2021,Hasta $874.055.000,2024-11-26 10:42:25
33,https://fondos.gob.cl/ficha/senama/ejecutores-intermedios-los-lagos/,CERRADO,Regional,Servicio Nacional del Adulto Mayor - SENAMA,Fondo Nacional del Adulto Mayor Ejecutores Intermedios (Región de Los Lagos),Organizaciones,23/11/2021,06/12/2021,Hasta $809.857.000,2024-11-26 10:42:25
34,https://fondos.gob.cl/ficha/prochile/prochileatumedida/,CERRADO,Nacional,Dirección General de Promoción de Exportaciones - ProChile,PROCHILE A TU MEDIDA,Personas Naturales y Jurídicas,29/11/2021,21/01/2022,$30.000.000,2024-11-26 10:42:25
35,https://fondos.gob.cl/ficha/conaf/fibn/,CERRADO,Nacional,Corporación Nacional Forestal - CONAF,Fondo de Investigación del Bosque Nativo,Personas Naturales y Jurídicas,30/12/2021,07/03/2022,$40.000.000 hasta $73.000.000,2024-11-26 10:42:25
36,https://fondos.gob.cl/ficha/anid/fonis2022/,CERRADO,Nacional,Agencia Nacional de Investigacion y Desarrollo - ANID,Investigación y Desarrollo en Salud - FONIS,Organizaciones,01/01/2022,26/05/2022,Hasta $60.000.000,2024-11-26 10:42:25
37,https://fondos.gob.cl/ficha/anid/idea/,CERRADO,Nacional,Agencia Nacional de Investigacion y Desarrollo - ANID,IDeA de Investigación y Desarrollo,Organizaciones,13/01/2022,14/04/2022,Hasta $200.000.000,2024-11-26 10:42:25
38,https://fondos.gob.cl/ficha/mjydh/ffcsm/,CERRADO,Nacional,Ministerio de Justicia y Derechos Humanos,Fondo para Proyectos de Cultura y Sitios de Memoria,Organizaciones,17/01/2022,25/03/2022,Entre $60.000.000 y $120.000.000,2024-11-26 10:42:25
39,https://fondos.gob.cl/ficha/mincap/pappa/,CERRADO,Nacional,"Ministerio de las Culturas, las Artes y el Patrimonio",Programa de apoyo a la preservación del patrimonio audiovisual,-,26/01/2022,14/04/2022,-,2024-11-26 10:42:25
40,https://fondos.gob.cl/ficha/anid/iniciacion-investigacion-fondecyt/,CERRADO,Nacional,Agencia Nacional de Investigacion y Desarrollo - ANID,Iniciación en Investigación FONDECYT,Persona Natural,27/01/2022,24/03/2022,$30.000.000,2024-11-26 10:42:25
41,https://fondos.gob.cl/ficha/mincap/amf/,CERRADO,Nacional,"Ministerio de las Culturas, las Artes y el Patrimonio","Asistencia a Mercados Foco: BIME, LAMC Y CORRIENTE - Fondo de la Música",-,14/02/2022,21/03/2022,-,2024-11-26 10:42:25
42,https://fondos.gob.cl/ficha/injuv/participa2022/,CERRADO,Nacional,Instituto Nacional De la Juventud (INJUV),Participa 2022,Organizaciones,21/02/2022,21/03/2022,$1.500.000,2024-11-26 10:42:25
43,https://fondos.gob.cl/ficha/mincap/lfpa2022/,CERRADO,Nacional,"Ministerio de las Culturas, las Artes y el Patrimonio",Línea de fortalecimiento de proyectos audiovisuales 2022,-,10/03/2022,07/04/2022,-,2024-11-26 10:42:25
44,https://fondos.gob.cl/ficha/anid/postdoctorado-fondecyt/,CERRADO,Nacional,Agencia Nacional de Investigacion y Desarrollo - ANID,Postdoctorado FONDECYT,Persona Natural,29/03/2022,28/04/2022,$28.740.000,2024-11-26 10:42:25
45,https://fondos.gob.cl/ficha/cnr/foua-2021-ohiggins/,CERRADO,Provincial,Comisión Nacional Del Riego - CNR,Fondo Concursable para las OUA de la Región de O’Higgins,Organizaciones,04/04/2022,29/04/2022,Hasta $6.000.000,2024-11-26 10:42:25
46,https://fondos.gob.cl/ficha/anid/xi-concurso-equipamiento-mediano/,CERRADO,Nacional,Agencia Nacional de Investigacion y Desarrollo - ANID,XI Concurso Equipamiento Mediano,Personas Naturales y Jurídicas,05/04/2022,24/05/2022,Entre $50.000.000 a 400.000.000,2024-11-26 10:42:25
47,https://fondos.gob.cl/ficha/anid/programa-cooperacion-cientifica-ecos-anid/,CERRADO,Nacional,Agencia Nacional de Investigacion y Desarrollo - ANID,Programa de Cooperación Científica ECOS - ANID,Persona Natural,06/04/2022,18/05/2022,-,2024-11-26 10:42:25
48,https://fondos.gob.cl/ficha/mma/prc/,CERRADO,Comunal,Ministerio del Medio Ambiente,Programa de Recambio de Calefactores en Chillán y Chillán Viejo,Persona Natural,13/04/2022,27/04/2022,No aplica,2024-11-26 10:42:25
49,https://fondos.gob.cl/ficha/anid/areasprioritarias-fondap/,CERRADO,Nacional,Agencia Nacional de Investigacion y Desarrollo - ANID,Apoyo a Centros de Excelencia en Investigación en Áreas Prioritarias FONDAP,Organizaciones,19/04/2022,24/05/2022,$1.027.000.000,2024-11-26 10:42:25
50,https://fondos.gob.cl/ficha/anid/iii-concurso-equipamiento-mayor/,CERRADO,Nacional,Agencia Nacional de Investigacion y Desarrollo - ANID,III Concurso Equipamiento Mayor,Personas Naturales y Jurídicas,20/04/2022,23/06/2022,Entre $400.000.000 y $950.000.000,2024-11-26 10:42:25
51,https://fondos.gob.cl/ficha/anid/viu/,CERRADO,Nacional,Agencia Nacional de Investigacion y Desarrollo - ANID,Valorización de la Investigación en la Universidad,Organizaciones,21/04/2022,09/06/2022,M$30.000,2024-11-26 10:42:25
52,https://fondos.gob.cl/ficha/anid/tesis-doctorado-sector-productivo/,CERRADO,Nacional,Agencia Nacional de Investigacion y Desarrollo - ANID,Tesis de Doctorado en el Sector Productivo,Personas Naturales y Jurídicas,28/04/2022,30/06/2022,Hasta $36.000.000,2024-11-26 10:42:25
53,https://fondos.gob.cl/ficha/anid/insercion-doctores-sector-productivo/,CERRADO,Nacional,Agencia Nacional de Investigacion y Desarrollo - ANID,Inserción de Doctores en el Sector Productivo,Personas Naturales y Jurídicas,28/04/2022,16/06/2022,Hasta $65.000.000,2024-11-26 10:42:25
54,https://fondos.gob.cl/ficha/corfo/em-prae/,CERRADO,Regional,Corporación de Fomento de la Producción - CORFO,PROGRAMA REGIONAL DE APOYO EMPREDIMIENTO- PRAE,Personas Naturales y Jurídicas,29/04/2022,13/06/2022,Hasta $25.000.000,2024-11-26 10:42:25
55,https://fondos.gob.cl/ficha/mma/recambiodecalefactores2/,CERRADO,Provincial,Ministerio del Medio Ambiente,Programa de Recambio de Calefactores en Chillán y Chillán Viejo – Línea Aire Acondicionado 2022,Persona Natural,09/05/2022,23/05/2022,No aplica,2024-11-26 10:42:25
56,https://fondos.gob.cl/ficha/subtrab/fondo-formacion-sindical/,CERRADO,Nacional,Subsecretaria del Trabajo - SUBTRAB,Fondo de Formación Sindical y Relaciones Laborales Colaborativas,Personas Naturales y Jurídicas,10/05/2022,09/06/2022,Entre $14.000.000 y $21.000.000,2024-11-26 10:42:25
57,https://fondos.gob.cl/ficha/anid/regular-fondecyt/,CERRADO,Nacional,Agencia Nacional de Investigacion y Desarrollo - ANID,Regular FONDECYT,Persona Natural,10/05/2022,23/06/2022,$57.000.000,2024-11-26 10:42:25
58,https://fondos.gob.cl/ficha/mincap/cuadrienal-praga/,CERRADO,Nacional,"Ministerio de las Culturas, las Artes y el Patrimonio",Participación chilena en la XV Cuadrienal de Praga / Fondo de las Artes Escénicas,-,16/05/2022,29/03/2022,-,2024-11-26 10:42:25
59,https://fondos.gob.cl/ficha/mincap/fae/,CERRADO,Nacional,"Ministerio de las Culturas, las Artes y el Patrimonio",Fondo de Fomento del Arte en la Educación,Organizaciones,23/05/2022,29/07/2022,Hasta $10.000.000,2024-11-26 10:42:25
60,https://fondos.gob.cl/ficha/gore%c3%91uble/fic-gore%c3%91uble/,CERRADO,Regional,Gobierno Regional de Ñuble,FONDO DE INNOVACIÓN PARA LA COMPETITIVIDAD REGIONAL (FIC-R) GOBIERNO REGIONAL DE ÑUBLE,Organizaciones,01/06/2022,30/06/2022,Hasta $250.000.000,2024-11-26 10:42:25
61,https://fondos.gob.cl/ficha/senama/comunasamigables/,CERRADO,Nacional,Servicio Nacional del Adulto Mayor - SENAMA,Fondo de Mejora Local del Programa Comunas Amigables,Organizaciones,02/06/2022,04/07/2022,Hasta $13.000.000,2024-11-26 10:42:25
62,https://fondos.gob.cl/ficha/subtrab/dialogo-social/,CERRADO,Nacional,Subsecretaria del Trabajo - SUBTRAB,Programa Diálogo Social,Personas Naturales y Jurídicas,07/06/2022,07/07/2022,$12.133.333,2024-11-26 10:42:25
63,https://fondos.gob.cl/ficha/mincap/pfp/,CERRADO,Nacional,"Ministerio de las Culturas, las Artes y el Patrimonio",Programa de Formación de Públicos para el Audiovisual - Fondo Audiovisual,-,08/06/2022,08/07/2022,-,2024-11-26 10:42:25
64,https://fondos.gob.cl/ficha/mincap/fmma-audiovisual/,CERRADO,Nacional,"Ministerio de las Culturas, las Artes y el Patrimonio",Formación de Mediadoras y Mediadores del Audiovisual – Fondo Audiovisual,-,08/06/2022,08/07/2022,-,2024-11-26 10:42:25
65,https://fondos.gob.cl/ficha/mincap/cer-audiovisual/,CERRADO,Nacional,"Ministerio de las Culturas, las Artes y el Patrimonio",Cineclubes Escolares en Red - Fondo Audiovisual,-,08/06/2022,08/07/2022,-,2024-11-26 10:42:25
66,https://fondos.gob.cl/ficha/anid/fdccr/,CERRADO,Nacional,Agencia Nacional de Investigacion y Desarrollo - ANID,VII Concurso de Fortalecimiento y Desarrollo de Centros Regionales de Desarrollo Científico y Tecnológico – 2022,Organizaciones,14/06/2022,19/07/2022,$300.000.000,2024-11-26 10:42:25
67,https://fondos.gob.cl/ficha/anid/sia/,CERRADO,Nacional,Agencia Nacional de Investigacion y Desarrollo - ANID,Subvención a la Instalación en la Academia,Organizaciones,16/06/2022,02/08/2022,$182.000.000,2024-11-26 10:42:25
68,https://fondos.gob.cl/ficha/anid/estudios-pluralismo-sistema-informativo-nacional/,CERRADO,Nacional,Agencia Nacional de Investigacion y Desarrollo - ANID,Estudios sobre Pluralismo en el Sistema Informativo Nacional,Organizaciones,16/06/2022,19/07/2022,-,2024-11-26 10:42:25
69,https://fondos.gob.cl/ficha/subdere/pmgm/,CERRADO,Comunal,Subsecretaría De Desarrollo Regional y Administrativo - SUBDERE,Postulación a fondos del Programa Mejoramiento de la Gestión Municipal (PMGM),Organizaciones,05/07/2022,08/08/2022,Entre $0 hasta $16.000.000,2024-11-26 10:42:25
70,https://fondos.gob.cl/ficha/sermig/fim/,CERRADO,Nacional,Servicio Nacional de Migraciones - SERMIG,Fondo Inclusión Migraciones,Organizaciones,07/07/2022,18/07/2022,Hasta $8.000.000,2024-11-26 10:42:25
71,https://fondos.gob.cl/ficha/subpesca/pesca-y-acuicultura/,CERRADO,Nacional,Subsecretaria de Pesca y Acuicultura  - SUBPESCA,Programa de Apoyo Social para ex trabajadores de la pesca industrial,Persona Natural,14/07/2022,16/08/2022,40UF,2024-11-26 10:42:25
72,https://fondos.gob.cl/ficha/anid/fviiir/,CERRADO,Regional,Agencia Nacional de Investigacion y Desarrollo - ANID,Fomento Vinculación Internacional para Instituciones de Investigación Regionales,Organizaciones,27/07/2022,08/09/2022,$30.000.000,2024-11-26 10:42:25
73,https://fondos.gob.cl/ficha/mincap/aaee/,CERRADO,Nacional,"Ministerio de las Culturas, las Artes y el Patrimonio",Fondo Nacional de Fomento y Desarrollo de las Artes Escénicas-Concurso General,-,02/08/2022,01/09/2022,-,2024-11-26 10:42:25
74,https://fondos.gob.cl/ficha/mincap/facg/,CERRADO,Nacional,"Ministerio de las Culturas, las Artes y el Patrimonio",Fondo de Fomento Audiovisual-Concurso General,-,02/08/2022,15/09/2022,-,2024-11-26 10:42:25
75,https://fondos.gob.cl/ficha/mincap/ffmn-concursogeneral/,CERRADO,Nacional,"Ministerio de las Culturas, las Artes y el Patrimonio",Fondo de Fomento de la Música Nacional-Concurso General,-,02/08/2022,02/09/2022,-,2024-11-26 10:42:25
76,https://fondos.gob.cl/ficha/mincap/lacmch/,CERRADO,Nacional,"Ministerio de las Culturas, las Artes y el Patrimonio",Línea de Apoyo a la Circulación de la Música Chilena - Fondo de Fomento de la Música Chilena,-,02/08/2022,02/09/2022,-,2024-11-26 10:42:25
77,https://fondos.gob.cl/ficha/mincap/fomentodellibroylalectura-concursogeneral/,CERRADO,Nacional,"Ministerio de las Culturas, las Artes y el Patrimonio",Fondo Nacional de Fomento del Libro y la Lectura- Concurso General,-,02/08/2022,08/09/2022,-,2024-11-26 10:42:25
78,https://fondos.gob.cl/ficha/anid/revistaschilenascientificas/,CERRADO,Nacional,Agencia Nacional de Investigacion y Desarrollo - ANID,Fondo de Publicación de Revistas Científicas Chilenas,Organizaciones,11/08/2022,15/09/2022,Hasta $50.000.000,2024-11-26 10:42:25
79,https://fondos.gob.cl/ficha/mma/fpa2023-proyecto-sustentables-pueblos-indigenas/,CERRADO,Nacional,Ministerio del Medio Ambiente,Fondo de Protección Ambiental 2023 / Proyectos Sustentables para Pueblos Indígenas,Organizaciones,23/08/2022,13/10/2022,$6.000.000,2024-11-26 10:42:25
80,https://fondos.gob.cl/ficha/corfo/radfp/,CERRADO,Nacional,Corporación de Fomento de la Producción - CORFO,RED DE ASISTENCIA DIGITAL FORTALECE PYME- PROYECTO RED,Personas Naturales y Jurídicas,29/08/2022,28/09/2022,Hasta $200.000.000,2024-11-26 10:42:25
81,https://fondos.gob.cl/ficha/anid/quimal/,CERRADO,Nacional,Agencia Nacional de Investigacion y Desarrollo - ANID,Convocatoria Fondo QUIMAL-2022,Organizaciones,30/08/2022,06/10/2022,$200.000.000,2024-11-26 10:42:25
82,https://fondos.gob.cl/ficha/mma/fpa2023-proyectos-rapanui/,CERRADO,Provincial,Ministerio del Medio Ambiente,Fondo de Protección Ambiental 2023 / Proyectos Rapa Nui Sustentable,Organizaciones,01/09/2022,30/09/2022,$10.000.000,2024-11-26 10:42:25
83,https://fondos.gob.cl/ficha/mma/programa-recambio-calefactores-losangeles/,CERRADO,Nacional,Ministerio del Medio Ambiente,Programa de Recambio de Calefactores Los Ángeles,Persona Natural,08/09/2022,21/09/2022,-,2024-11-26 10:42:25
84,https://fondos.gob.cl/ficha/fia/fia-proyectos-interes-privado/,CERRADO,Nacional,Fundación para la Innovación Agraria (FIA) - Subsecretaría de Agricultura,Convocatoria Nacional de Proyectos de Innovación de interés privado,Organizaciones,13/09/2022,19/10/2022,Hasta $150.000.000,2024-11-26 10:42:25
85,https://fondos.gob.cl/ficha/fia/fia-proyectos-interes-publico/,CERRADO,Nacional,Fundación para la Innovación Agraria (FIA) - Subsecretaría de Agricultura,Convocatoria Nacional Proyectos de Innovación de Interés Público - Etapa 1,Organizaciones,13/09/2022,19/10/2022,Hasta $150.000.000,2024-11-26 10:42:25
86,https://fondos.gob.cl/ficha/mincap/xxiibienalarquitecturayurbanismo/,CERRADO,Nacional,"Ministerio de las Culturas, las Artes y el Patrimonio",Concurso para la muestra sobre el tema de la XXII Bienal de Arquitectura y Urbanismo de Chile,-,29/09/2022,24/10/2022,-,2024-11-26 10:42:25
87,https://fondos.gob.cl/ficha/mincap/catalogo-artesania-pandemia/,CERRADO,Nacional,"Ministerio de las Culturas, las Artes y el Patrimonio",Convocatoria Catálogo Artesanía en Pandemia,-,06/10/2022,02/11/2022,-,2024-11-26 10:42:25
88,https://fondos.gob.cl/ficha/fia/fia-estudios/,CERRADO,Nacional,Fundación para la Innovación Agraria (FIA) - Subsecretaría de Agricultura,Convocatoria Nacional de Estudios para la Innovación,Organizaciones,01/11/2022,01/12/2022,Hasta $20.000.000,2024-11-26 10:42:25
89,https://fondos.gob.cl/ficha/fia/fia-eventos/,CERRADO,Nacional,Fundación para la Innovación Agraria (FIA) - Subsecretaría de Agricultura,Convocatoria Nacional Eventos para la Innovación,Organizaciones,20/11/2022,31/12/2022,Hasta $7.000.000,2024-11-26 10:42:25
90,https://fondos.gob.cl/ficha/fia/fia-consultorias/,CERRADO,Nacional,Fundación para la Innovación Agraria (FIA) - Subsecretaría de Agricultura,Convocatoria Nacional Consultorías para la Innovación,Organizaciones,20/11/2022,31/12/2022,Hasta $5.000.000,2024-11-26 10:42:25
91,https://fondos.gob.cl/ficha/muninunoa/fajv-nunoa/,CERRADO,Comunal,I. Municipalidad de Ñuñoa,FONDO DE APOYO A JUNTAS DE VECINOS (MUNICIPALIDAD DE ÑUÑOA),Organizaciones,07/12/2022,09/01/2023,Hasta $10.000.000,2024-11-26 10:42:25
92,https://fondos.gob.cl/ficha/corfo/emp-dinamiza/,CERRADO,Nacional,Corporación de Fomento de la Producción - CORFO,DINAMIZA,Persona Jurídica,31/01/2023,13/03/2023,Hasta $30.000.000,2024-11-26 10:42:25
93,https://fondos.gob.cl/ficha/minciencia/desafiospublicos-extension/,CERRADO,Regional,"Ministerio de Ciencia, Tecnología,  Conocimiento e Innovación","Desafíos Públicos Extensión Ñuble, Bio Bío y la Araucanía",Persona Natural: funcionarios públicos,16/02/2023,28/02/2023,Hasta $600.000.000,2024-11-26 10:42:25
94,https://fondos.gob.cl/ficha/mma/emprendimientos-chiloe/,CERRADO,Provincial,Ministerio del Medio Ambiente,Fondo de Protección Ambiental 2023 / Emprendimientos Circulares para Comunidades Chilotas,Organizaciones,07/03/2023,21/04/2023,$8.000.000,2024-11-26 10:42:25
95,https://fondos.gob.cl/ficha/mincap/fondart2022/,CERRADO,Otro,"Ministerio de las Culturas, las Artes y el Patrimonio",Fondo Nacional de Desarrollo Cultural y las Artes - FONDART GENERAL,-,14/03/2023,12/04/2023,-,2024-11-26 10:42:25
96,https://fondos.gob.cl/ficha/mma/fortalecimiento-santuarios-de-la-naturaleza/,CERRADO,Nacional,Ministerio del Medio Ambiente,Fondo de Protección Ambiental 2023 / Fortalecimiento de Santuarios de la Naturaleza,Organizaciones,14/03/2023,19/05/2023,Hasta $40.000.000,2024-11-26 10:42:25
97,https://fondos.gob.cl/ficha/mma/archipielago-juan-fernandez-endemico/,CERRADO,Nacional,Ministerio del Medio Ambiente,Fondo de Protección Ambiental 2023 / Archipiélago Juan Fernández Endémico,Organizaciones,14/03/2023,12/05/2023,Hasta $70.000.000,2024-11-26 10:42:25
98,https://fondos.gob.cl/ficha/mma/eco-desafios/,CERRADO,Regional,Ministerio del Medio Ambiente,Fondo de Protección Ambiental 2023 / Concurso Eco - Desafíos (AMPLIACIÓN DE POSTULACIÓN),Organizaciones,14/03/2023,19/04/2023,Hasta $7.000.000,2024-11-26 10:42:25
99,https://fondos.gob.cl/ficha/munquilicura/quilicuracomoloqueremos2023/,CERRADO,Comunal,I. Municipalidad de Quilicura,SUBVENCIONES Y  FONDOS CONCURSABLES QUILICURA COMO LA QUEREMOS 2023,Organizaciones,20/03/2023,28/04/2023,Hasta $4.000.000,2024-11-26 10:42:25
100,https://fondos.gob.cl/ficha/mma/planes-de-gestion-humedales/,CERRADO,Nacional,Ministerio del Medio Ambiente,FPA 2023 - Elaboración e Implementación Temprana de Planes de Gestión de Humedales,Organizaciones,01/04/2023,05/05/2023,Hasta $60.000.000,2024-11-26 10:42:25
101,https://fondos.gob.cl/ficha/subctci/cienciapublica-comunidades/,CERRADO,Comunal,"Subsecretaría de Ciencia, Tecnología, Conocimiento e Innovación - SUBCTCI",Concurso Nacional Ciencia Pública de Proyectos Comunitarios,Organizaciones,06/04/2023,30/05/2023,Hasta $8.000.000,2024-11-26 10:42:25
102,https://fondos.gob.cl/ficha/mincap/linedefortalecimientodeempresasaudiovisuales/,CERRADO,Nacional,"Ministerio de las Culturas, las Artes y el Patrimonio",Línea de fortalecimiento de empresas audiovisuales - Fondo Audiovisual,-,14/04/2023,25/05/2023,-,2024-11-26 10:42:25
103,https://fondos.gob.cl/ficha/subctci/festivaldeciencias2023/,CERRADO,Nacional,"Subsecretaría de Ciencia, Tecnología, Conocimiento e Innovación - SUBCTCI",Concurso Nacional Ciencia Pública para el desarrollo de experiencias de divulgación en el marco del Festival de las Ciencias 2023,Persona Jurídica,25/04/2023,02/06/2023,Hasta $95.000.000,2024-11-26 10:42:25
104,https://fondos.gob.cl/ficha/indespa/ptfpdspaa-antofagasta/,CERRADO,Regional,Instituto Nacional de Desarrollo Sustentable de la Pesca Artesanal y de la Acuicultura de Pequeña Escala - INDESPA,Concurso Regional Antofagasta,Personas Naturales y Jurídicas,26/04/2023,22/05/2023,Entre $2.000.000 y hasta $100.000.000,2024-11-26 10:42:25
105,https://fondos.gob.cl/ficha/indespa/caletapuntalavavpie/,CERRADO,Comunal,Instituto Nacional de Desarrollo Sustentable de la Pesca Artesanal y de la Acuicultura de Pequeña Escala - INDESPA,Concurso Caleta Punta Lavapié,Persona Natural,26/04/2023,02/05/2023,Entre $250.000 y $5.000.000,2024-11-26 10:42:25
106,https://fondos.gob.cl/ficha/indespa/concurso-coquimbo/,CERRADO,Regional,Instituto Nacional de Desarrollo Sustentable de la Pesca Artesanal y de la Acuicultura de Pequeña Escala - INDESPA,Concurso Regional de Coquimbo,Personas Naturales y Jurídicas,12/05/2023,02/06/2023,Entre $500.000 a $50.000.000,2024-11-26 10:42:25
107,https://fondos.gob.cl/ficha/corfo/bch/,CERRADO,Nacional,Corporación de Fomento de la Producción - CORFO,BECAS CAPITAL HUMANO,Persona Natural,17/05/2023,27/06/2023,-,2024-11-26 10:42:25
108,https://fondos.gob.cl/ficha/corfo/programastecnologicos/,CERRADO,Nacional,Corporación de Fomento de la Producción - CORFO,PROGRAMAS TECNOLÓGICOS,Persona Jurídica,25/05/2023,31/08/2023,Hasta $10.000.000.000,2024-11-26 10:42:25
109,https://fondos.gob.cl/ficha/corfo/programa-de-soft-landing-go-global/,CERRADO,Nacional,Corporación de Fomento de la Producción - CORFO,GO GLOBAL,Personas Naturales y Jurídicas,29/05/2023,19/06/2023,Sin Definir,2024-11-26 10:42:25
110,https://fondos.gob.cl/ficha/serpat/snpc-fpc_/,CERRADO,Nacional,Servicio Nacional del Patrimonio Cultural - SERPAT,Fondo del Patrimonio Cultural,Personas Naturales y Jurídicas,30/05/2023,18/08/2023,Desde $7.000.000 hasta $85.000.000,2024-11-26 10:42:25
111,https://fondos.gob.cl/ficha/goretarapaca/fic-gore-tarapaca/,CERRADO,Nacional,Gobierno Regional de Tarapacá,Fondo de Innovación para la Competitividad (FIC) de la Región de Tarapacá,Persona Natural,30/05/2023,29/06/2023,Hasta $308.000.000,2024-11-26 10:42:25
112,https://fondos.gob.cl/ficha/muniteno/fondeve-teno/,CERRADO,Comunal,I. Municipalidad de Teno,Fondo de Desarrollo Vecinal FONDEVE 2023,Organizaciones,01/06/2023,30/06/2023,Entre $100.000 y $400.000,2024-11-26 10:42:25
113,https://fondos.gob.cl/ficha/indespa/micromodulos/,CERRADO,Regional,Instituto Nacional de Desarrollo Sustentable de la Pesca Artesanal y de la Acuicultura de Pequeña Escala - INDESPA,Concurso Regional Los Ríos: Micromódulos,Persona Natural,02/06/2023,03/07/2023,Hasta $15.000.000,2024-11-26 10:42:25
114,https://fondos.gob.cl/ficha/indespa/concurso-laaraucania/,CERRADO,Regional,Instituto Nacional de Desarrollo Sustentable de la Pesca Artesanal y de la Acuicultura de Pequeña Escala - INDESPA,Concurso Regional La Araucanía,Organizaciones,02/06/2023,16/06/2023,Hasta $21.845.000,2024-11-26 10:42:25
115,https://fondos.gob.cl/ficha/indespa/concurso-loslagos/,CERRADO,Regional,Instituto Nacional de Desarrollo Sustentable de la Pesca Artesanal y de la Acuicultura de Pequeña Escala - INDESPA,Concurso Acuicultura de Pequeña Escala Los Lagos,Personas Naturales y Jurídicas,07/06/2023,03/07/2023,Hasta $25.000.000,2024-11-26 10:42:25
116,https://fondos.gob.cl/ficha/enami/pamma-mujermineria/,CERRADO,Nacional,Ministerio de Minería,PAMMA Mujer Minería Metálica,Personas Naturales y Jurídicas,09/06/2023,11/07/2023,Hasta $12.000.000,2024-11-26 10:42:25
117,https://fondos.gob.cl/ficha/enami/mineria-metalica/,CERRADO,Nacional,Ministerio de Minería,PAMMA Equipa Minería Metálica,Personas Naturales y Jurídicas,09/06/2023,09/07/2023,Hasta $35.000.000,2024-11-26 10:42:25
118,https://fondos.gob.cl/ficha/mincap/premio-maestro-artesano/,CERRADO,Nacional,"Ministerio de las Culturas, las Artes y el Patrimonio",Premio Maestro Artesano,-,14/06/2023,10/07/2023,-,2024-11-26 10:42:25
119,https://fondos.gob.cl/ficha/indespa/concurso-maule/,CERRADO,Regional,Instituto Nacional de Desarrollo Sustentable de la Pesca Artesanal y de la Acuicultura de Pequeña Escala - INDESPA,"Concurso Región del Maule: “Fomento Productivo en Pesca y Acuicultura, Código BIP 40030489-0, año 2023.-",Personas Naturales y Jurídicas,14/06/2023,08/07/2023,Entre $500.000 y $100.000.000,2024-11-26 10:42:25
120,https://fondos.gob.cl/ficha/indespa/cultivodealgas/,CERRADO,Nacional,Instituto Nacional de Desarrollo Sustentable de la Pesca Artesanal y de la Acuicultura de Pequeña Escala - INDESPA,Concurso Nacional Bonificación Cultivo,Personas Naturales y Jurídicas,15/06/2023,04/07/2023,Hasta $20.000.000,2024-11-26 10:42:25
121,https://fondos.gob.cl/ficha/indespa/caletaoperacion/,CERRADO,Nacional,Instituto Nacional de Desarrollo Sustentable de la Pesca Artesanal y de la Acuicultura de Pequeña Escala - INDESPA,Concurso Nacional Caleta Operación - Desembarque,Organizaciones,16/06/2023,16/07/2023,Entre $3.000.000 y $100.000.000,2024-11-26 10:42:25
122,https://fondos.gob.cl/ficha/corfo/emp-potencia/,CERRADO,Nacional,Corporación de Fomento de la Producción - CORFO,POTENCIA,Persona Jurídica,22/06/2023,24/07/2023,Entre $80.000.000 y $240.000.000,2024-11-26 10:42:25
123,https://fondos.gob.cl/ficha/indespa/concurso-sur-austral/,CERRADO,Nacional,Instituto Nacional de Desarrollo Sustentable de la Pesca Artesanal y de la Acuicultura de Pequeña Escala - INDESPA,Concurso Acuicultura de Pequeña Escala Sur Austral,Personas Naturales y Jurídicas,22/06/2023,19/07/2023,Hasta $20.000.000,2024-11-26 10:42:25
124,https://fondos.gob.cl/ficha/indespa/concurso-arica-parinacota/,CERRADO,Regional,Instituto Nacional de Desarrollo Sustentable de la Pesca Artesanal y de la Acuicultura de Pequeña Escala - INDESPA,Concurso Regional Arica y Parinacota,Persona Natural,27/06/2023,17/07/2023,Entre $500.000 a $50.000.000,2024-11-26 10:42:25
125,https://fondos.gob.cl/ficha/indespa/ape-centro-norte/,CERRADO,Nacional,Instituto Nacional de Desarrollo Sustentable de la Pesca Artesanal y de la Acuicultura de Pequeña Escala - INDESPA,Concurso Acuicultura de Pequeña Escala Centro-Norte,Personas Naturales y Jurídicas,29/06/2023,23/07/2023,Entre $2.000.000 y $50.000.000,2024-11-26 10:42:25
126,https://fondos.gob.cl/ficha/corfo/innovacion-social/,CERRADO,Regional,Corporación de Fomento de la Producción - CORFO,INNOVA SOCIAL,Personas Naturales y Jurídicas,03/07/2023,10/08/2023,Hasta $25.000.000,2024-11-26 10:42:25
127,https://fondos.gob.cl/ficha/indespa/concursovalparaiso/,CERRADO,Regional,Instituto Nacional de Desarrollo Sustentable de la Pesca Artesanal y de la Acuicultura de Pequeña Escala - INDESPA,Concurso Regional de Valparaíso,Organizaciones,03/07/2023,23/07/2023,Entre $15.000.000 y $50.000.000,2024-11-26 10:42:25
128,https://fondos.gob.cl/ficha/corfo/emp-invierte/,CERRADO,Nacional,Corporación de Fomento de la Producción - CORFO,INVIERTE,Organizaciones,19/07/2023,21/08/2023,Hasta $160.000.000,2024-11-26 10:42:25
129,https://fondos.gob.cl/ficha/indespa/feriagastronomica/,CERRADO,Nacional,Instituto Nacional de Desarrollo Sustentable de la Pesca Artesanal y de la Acuicultura de Pequeña Escala - INDESPA,Concurso Nacional Promoción Productos Pesqueros Artesanales,Personas Naturales y Jurídicas,24/07/2023,03/08/2023,Entre $2.000.000 y $5.000.000,2024-11-26 10:42:25
130,https://fondos.gob.cl/ficha/mma/fpa-sustentables/,CERRADO,Nacional,Ministerio del Medio Ambiente,Fondo de Protección Ambiental 2024 / Proyectos Sustentables Ciudadanos,Organizaciones,16/08/2023,26/09/2023,$6.000.000,2024-11-26 10:42:25
131,https://fondos.gob.cl/ficha/mma/fpa-establecimientoeducacionales/,CERRADO,Nacional,Ministerio del Medio Ambiente,Fondo de Protección Ambiental 2024 / Proyectos Sustentables en Establecimientos Educacionales,Organizaciones,16/08/2023,26/09/2023,$6.000.000,2024-11-26 10:42:25
132,https://fondos.gob.cl/ficha/mma/fpa-pueblosindigenas/,CERRADO,Nacional,Ministerio del Medio Ambiente,Fondo de Protección Ambiental 2024 / Proyectos Sustentables para Pueblos Indígenas,Organizaciones,16/08/2023,26/09/2023,$6.000.000,2024-11-26 10:42:25
133,https://fondos.gob.cl/ficha/enami/pamma-mineria/,CERRADO,Nacional,Ministerio de Minería,PAMMA Pequeña Minería Sustentable (Ex – INNOVA),Personas Naturales y Jurídicas,05/09/2023,21/09/2023,$13.000.000,2024-11-26 10:42:25
134,https://fondos.gob.cl/ficha/subpesca/estudios-tecnicos/,CERRADO,Nacional,Subsecretaria de Pesca y Acuicultura  - SUBPESCA,Programa Estudios Técnicos de Nivel Superior para trabajadores y ex trabajadores de la pesca industrial,Persona Natural,21/09/2023,21/10/2023,Entre $1.000.000 y $2.500.000,2024-11-26 10:42:25
135,https://fondos.gob.cl/ficha/mma/fpa-chiloe/,CERRADO,Provincial,Ministerio del Medio Ambiente,FPA Provincia de Chiloé / Concurso 2024 / Chiloé Reduce en tu Establecimiento Educacional,Organizaciones,27/09/2023,08/11/2023,$5.000.000,2024-11-26 10:42:25
136,https://fondos.gob.cl/ficha/mincap/registro-nacional-chile-artesania/,CERRADO,Nacional,"Ministerio de las Culturas, las Artes y el Patrimonio",REGISTRO DE ARTESANOS CHILE ARTESANÍA,Personas Naturales y Jurídicas,01/10/2023,30/09/2024,No aplica,2024-11-26 10:42:25
137,https://fondos.gob.cl/ficha/mma/fpa-cpmflac/,CERRADO,Regional,Ministerio del Medio Ambiente,Fondo de Protección Ambiental 2024 Concurso: Programa Modelo para la Formación de Líderes Ambientales Comunitarios,Organizaciones,06/10/2023,30/11/2023,$55.000.000,2024-11-26 10:42:25
138,https://fondos.gob.cl/ficha/sep/educacion-parvularia-fiep/,CERRADO,Nacional,Subsecretaría de Educación Parvularia - SEP,Fondo Concursable- FONDO DE INNOVACIÓN DE EDUCACIÓN PARVULARIA RURAL – FIEP RURAL 2023,Persona Natural,11/10/2023,03/11/2023,$4.500.000,2024-11-26 10:42:25
139,https://fondos.gob.cl/ficha/mma/fpa-recicladores-base/,CERRADO,Nacional,Ministerio del Medio Ambiente,Fondo de Protección Ambiental 2024 / Fortalecimiento para Recicladores de Base,Organizaciones,19/10/2023,21/11/2023,$6.000.000,2024-11-26 10:42:25
140,https://fondos.gob.cl/ficha/corfo/focal/,CERRADO,Nacional,Corporación de Fomento de la Producción - CORFO,PROGRAMA DE FOMENTO A LA CALIDAD (FOCAL),Organizaciones,25/10/2023,28/06/2024,Hasta $3.500.000,2024-11-26 10:42:25
141,https://fondos.gob.cl/ficha/mma/fpa2024/,CERRADO,Nacional,Ministerio del Medio Ambiente,CONCURSO FORTALECIMIENTO DE CENTROS DE REHABILITACIÓN O RESCATE,Organizaciones,01/12/2023,19/01/2024,$150.000.000,2024-11-26 10:42:25
142,https://fondos.gob.cl/ficha/mma/eapifpb2024/,CERRADO,Nacional,Ministerio del Medio Ambiente,CONCURSO PREVENCIÓN DE INCENDIOS FORESTALES,Organizaciones,01/12/2023,19/01/2024,$100.000.000,2024-11-26 10:42:25
143,https://fondos.gob.cl/ficha/muninunoa/subvencionmuncipal-nunoa/,CERRADO,Comunal,I. Municipalidad de Ñuñoa,Subvención Municipal (Ñuñoa) 2024,Persona Jurídica,11/12/2023,22/01/2024,Entre $500.000 y $2.850.000,2024-11-26 10:42:25
144,https://fondos.gob.cl/ficha/subde/programa-lms/,CERRADO,Regional,Subsecretaria de Energía  - SUBDE,FONDO LEÑA MÁS SECA,Personas Naturales y Jurídicas,29/12/2023,28/03/2024,Hasta $12.000.000,2024-11-26 10:42:25
145,https://fondos.gob.cl/ficha/munpudahuel/subvencionpudahuel/,CERRADO,Comunal,I. Municipalidad de Pudahuel,SUBVENCIÓN MUNICIPAL PUDAHUEL 2024,Organizaciones,02/01/2024,28/06/2024,Hasta $4.000.000,2024-11-26 10:42:25
146,https://fondos.gob.cl/ficha/subdere/subdere-fondo-capacitacionfuncionarios/,CERRADO,Nacional,Subsecretaría De Desarrollo Regional y Administrativo - SUBDERE,Fondo Concursable de Formación de Funcionarios Municipales ACADEMIA SUBDERE,Persona Natural,08/01/2024,05/02/2024,Entre 600.000 a 30.000.000,2024-11-26 10:42:25
147,https://fondos.gob.cl/ficha/mjydh/proyectosdecultura/,CERRADO,Nacional,Ministerio de Justicia y Derechos Humanos,FONDO CONCURSABLE PARA PROYECTOS DE CULTURA Y SITIOS DE MEMORIA,Organizaciones,15/01/2024,22/03/2024,$128.000.000,2024-11-26 10:42:25
148,https://fondos.gob.cl/ficha/sag/atacama-sirsd-s/,CERRADO,Regional,Servicio Agrícola Ganadero,SISTEMA DE INCENTIVOS PARA LA SUSTENTABILIDAD AGROAMBIENTAL DE LOS SUELOS AGROPECURIOS (ATACAMA),Personas Naturales y Jurídicas,20/01/2024,15/04/2024,Hasta 160 UTM,2024-11-26 10:42:25
149,https://fondos.gob.cl/ficha/rree/fondoparaelfomentoexterior/,CERRADO,Internacional,Ministerio de Relaciones Exteriores,"FONDO CONCURSABLE PARA EL FOMENTO DE LA VINCULACIÓN, ASOCIATIVIDAD Y PARTICIPACIÓN DE LAS COMUNIDADES DE CHILENOS EN EL EXTERIOR 2024",Organizaciones,25/01/2024,15/03/2024,Hasta US 3.000,2024-11-26 10:42:25
150,https://fondos.gob.cl/ficha/sercotec/fortalecimiento-gremial/,CERRADO,Nacional,Servicio de Cooperación Técnica - SERCOTEC,FORTALECIMIENTO GREMIAL,Organizaciones,30/01/2024,29/02/2024,Entre los $7.000.000 hasta los $10.000.000,2024-11-26 10:42:25
151,https://fondos.gob.cl/ficha/goreatacama/beca-regional-deportistas/,CERRADO,Nacional,Gobierno Regional de Atacama,CONCURSO BECA REGIONAL DEPORTISTAS CON PROYECCIÓN AL ALTO RENDIMIENTO TEAM ATACAMA 2024,Organizaciones,31/01/2024,29/02/2024,Hasta $7.000.000,2024-11-26 10:42:25
152,https://fondos.gob.cl/ficha/subdere/pfam/,CERRADO,Otro,Subsecretaría De Desarrollo Regional y Administrativo - SUBDERE,PROGRAMA DE FORTALECIMIENTO DE ASOCIACIONES DE MUNICIPIOS (PFAM),Organizaciones,07/02/2024,07/03/2024,Entre $12.000.000 y $15.000.000,2024-11-26 10:42:25
153,https://fondos.gob.cl/ficha/goretarapaca/fndr-deportes/,CERRADO,Regional,Gobierno Regional de Tarapacá,"FONDO NACIONAL DE DESARROLLO REGIONAL 8 %, AÑO 2024 CONCURSO DEPORTE",Organizaciones,12/02/2024,20/03/2024,Hasta $30.000.000,2024-11-26 10:42:25
154,https://fondos.gob.cl/ficha/goretarapaca/fndr-cultura/,CERRADO,Regional,Gobierno Regional de Tarapacá,FONDO NACIONAL DE DESARROLLO REGIONAL 8% 2024 CONCURSO CULTURA,Organizaciones,12/02/2024,20/03/2024,Hasta $35.000.000,2024-11-26 10:42:25
155,https://fondos.gob.cl/ficha/segegob/ffoip/,CERRADO,Nacional,Ministerio Secretaría General de Gobierno,FONDO DE FORTALECIMIENTO DE ORGANIZACIONES DE INTERÉS PÚBLICO (FFOIP),Organizaciones,23/02/2024,13/05/2024,Entre $2.000.000 hasta $10.000.000,2024-11-26 10:42:25
156,https://fondos.gob.cl/ficha/corfo/bienespublicos/,CERRADO,Regional,Corporación de Fomento de la Producción - CORFO,BIENES PÚBLICOS,Personas Naturales y Jurídicas,28/02/2024,27/06/2024,Hasta $120.000.000,2024-11-26 10:42:25
157,https://fondos.gob.cl/ficha/sercotec/fcesc/,CERRADO,Nacional,Servicio de Cooperación Técnica - SERCOTEC,FORTALECIMIENTO Y CREACION DE EMPRESAS SOCIALES Y COOPERATIVAS,Personas Naturales y Jurídicas,28/02/2024,04/03/2024,Desde $8.000.000 hasta $20.000.000,2024-11-26 10:42:25
158,https://fondos.gob.cl/ficha/senadis/recursosdeapoyoseducativos/,CERRADO,Nacional,Servicio Nacional de la discapacidad - SENADIS,RECURSOS DE APOYOS EDUCATIVOS,Persona Natural,29/02/2024,13/03/2024,Hasta $4.000.000,2024-11-26 10:42:25
159,https://fondos.gob.cl/ficha/sps/fondo-educacion-previsional/,CERRADO,Nacional,Subsecretaría de Previsión Social - SPS,FONDO PARA LA EDUCACIÓN PREVISIONAL,Personas Naturales y Jurídicas,01/03/2024,05/04/2024,Entre $50.000.000 a $100.000.000,2024-11-26 10:42:25
160,https://fondos.gob.cl/ficha/dga/fiie/,CERRADO,Nacional,Dirección General de Aguas,"FONDO PARA LA INVESTIGACIÓN, INNOVACIÓN Y EDUCACIÓN EN RECURSOS HÍDRICOS (FIIE)",Persona Jurídica,01/03/2024,15/04/2024,Hasta $155.250.000,2024-11-26 10:42:25
161,https://fondos.gob.cl/ficha/mincap/snpc-bibliotecas-publicas/,CERRADO,Nacional,"Ministerio de las Culturas, las Artes y el Patrimonio",PROGRAMA DE MEJORAMIENTO INTEGRAL DE BIBLIOTECAS PÚBLICAS,Organizaciones,04/03/2024,23/04/2024,Hasta $500.000.000,2024-11-26 10:42:25
162,https://fondos.gob.cl/ficha/mincap/fondelamusica-amf2024/,CERRADO,Nacional,"Ministerio de las Culturas, las Artes y el Patrimonio",FONDO DE LA MÚSICA- ASISTENCIA A MERCADOS FOCO 2024 – BIME BILBAO Y WOMEX,Personas Naturales y Jurídicas,04/03/2024,22/05/2024,-,2024-11-26 10:42:25
163,https://fondos.gob.cl/ficha/enami/pamma2024/,CERRADO,Nacional,Ministerio de Minería,PROGRAMA CAPACITACIÓN Y TRANSFERENCIA TECNOLÓGICA PEQUEÑA MINERÍA ARTESANAL (PAMMA PRODUCTIVO),Personas Naturales y Jurídicas,04/03/2024,02/04/2024,Hasta $9.000.000,2024-11-26 10:42:25
164,https://fondos.gob.cl/ficha/sag/sirsd-s-sag/,CERRADO,Regional,Servicio Agrícola Ganadero,SISTEMA DE INCENTIVOS PARA LA SUSTENTABILIDAD AGROAMBIENTAL DE LOS SUELOS AGROPECUARIOS (SIRSD-S),Personas Naturales y Jurídicas,05/03/2024,16/04/2024,Hasta $10.346.560,2024-11-26 10:42:25
165,https://fondos.gob.cl/ficha/senama/eleam2024/,CERRADO,Nacional,Servicio Nacional del Adulto Mayor - SENAMA,FONDO CONCURSABLE PARA ESTABLECIMIENTOS DE LARGA ESTADÍA (SUBSIDIO ELEAM),Organizaciones,06/03/2024,25/03/2024,$28.281.336 y $260.000.000,2024-11-26 10:42:25
166,https://fondos.gob.cl/ficha/segegob/ffmcs/,CERRADO,Nacional,Ministerio Secretaría General de Gobierno,"FONDO DE FOMENTO DE MEDIOS DE COMUNICACIÓN SOCIAL REGIONALES, PROVINCIALES Y COMUNALES (FFMCS)",Personas Naturales y Jurídicas,10/03/2024,29/04/2024,Hasta $5.500.000,2024-11-26 10:42:25
167,https://fondos.gob.cl/ficha/goretarapaca/fndr-seguridad-ciudadana/,CERRADO,Regional,Gobierno Regional de Tarapacá,FONDO NACIONAL DE DESARROLLO REGIONAL 8% 2024 CONCURSO SEGURIDAD CIUDADANA,Organizaciones,11/03/2024,17/04/2024,Hasta $25.000.000,2024-11-26 10:42:25
168,https://fondos.gob.cl/ficha/goretarapaca/fndr-inclusion-desarrollo-social/,CERRADO,Regional,Gobierno Regional de Tarapacá,FONDO NACIONAL DE DESARROLLO REGIONAL 8% 2024 CONCURSO SOCIAL,Organizaciones,11/03/2024,17/04/2024,Hasta $25.000.000,2024-11-26 10:42:25
169,https://fondos.gob.cl/ficha/goretarapaca/fndr-medioambiente/,CERRADO,Regional,Gobierno Regional de Tarapacá,FONDO NACIONAL DE DESARROLLO REGIONAL 8% 2024 CONCURSO MEDIO AMBIENTE,Organizaciones,11/03/2024,17/04/2024,Hasta $25.000.000,2024-11-26 10:42:25
170,https://fondos.gob.cl/ficha/goretarapaca/adulto-mayor/,CERRADO,Regional,Gobierno Regional de Tarapacá,FONDO NACIONAL DE DESARROLLO REGIONAL 8% 2024 ADULTO MAYOR,Organizaciones,11/03/2024,17/04/2024,Hasta $25.000.000,2024-11-26 10:42:25
171,https://fondos.gob.cl/ficha/cnr/cnr-foua/,CERRADO,Nacional,Comisión Nacional Del Riego - CNR,FONDO CONCURSABLE PARA ORGANIZACIONES DE USUARIOS DE AGUAS,Organizaciones,12/03/2024,06/05/2024,Hasta $6.000.000,2024-11-26 10:42:25
172,https://fondos.gob.cl/ficha/subevaso/fondo-para-vivir-mejor/,CERRADO,Nacional,Subsecretaría de Evaluación Social - SUBEVASO,FONDO PARA VIVIR MEJOR,Organizaciones,18/03/2024,18/04/2024,Hasta $20.000.000,2024-11-26 10:42:25
173,https://fondos.gob.cl/ficha/goreatacama/gore-atacama/,CERRADO,Regional,Gobierno Regional de Atacama,FONDOS CONCURSABLES GOBIERNO REGIONAL DE ATACAMA,Organizaciones,21/03/2024,22/04/2024,Hasta $15.000.000,2024-11-26 10:42:25
174,https://fondos.gob.cl/ficha/senadis/nuevasplazasresidenciales/,CERRADO,Nacional,Servicio Nacional de la discapacidad - SENADIS,"CONVOCATORIA PÚBLICA DE NUEVAS PLAZAS DE RESIDENCIAS 2024, PROGRAMA MODELOS RESIDENCIALES PARA ADULTOS CON DISCAPACIDAD",Persona Jurídica,22/03/2024,12/04/2024,$962.000,2024-11-26 10:42:25
175,https://fondos.gob.cl/ficha/fosis/pes/,CERRADO,Comunal,Fondo de Solidaridad e Inversión Social (FOSIS),PROGRAMA EMPRENDAMOS SEMILLA,Persona Natural,27/03/2024,10/04/2024,$450.000,2024-11-26 10:42:25
176,https://fondos.gob.cl/ficha/fosis/eb/,CERRADO,Regional,Fondo de Solidaridad e Inversión Social (FOSIS),PROGRAMA EMPRENDAMOS,Persona Natural,27/03/2024,10/04/2024,$600.000,2024-11-26 10:42:25
177,https://fondos.gob.cl/ficha/subtrab/pss/,CERRADO,Nacional,Subsecretaria del Trabajo - SUBTRAB,Programa Servicios Sociales,Personas Naturales y Jurídicas,02/04/2024,15/05/2024,Aproximadamente $3.900.000.000,2024-11-26 10:42:25
178,https://fondos.gob.cl/ficha/corfo/creayvalida/,CERRADO,Nacional,Corporación de Fomento de la Producción - CORFO,CREA Y VALIDA,Persona Jurídica,09/04/2024,31/07/2024,Hasta $220.000.000,2024-11-26 10:42:25
179,https://fondos.gob.cl/ficha/sercotec/pdfl/,CERRADO,Nacional,Servicio de Cooperación Técnica - SERCOTEC,PROGRAMA DESARROLLO DE FERIAS LIBRES,Persona Jurídica,12/04/2024,13/05/2024,Hasta $30.000.000,2024-11-26 10:42:25
180,https://fondos.gob.cl/ficha/goreatacama/eleam-gore/,CERRADO,Regional,Gobierno Regional de Atacama,FONDO CONCURSABLE ELEAM GOBIERNO REGIONAL DE ATACAMA,Persona Jurídica,15/04/2024,22/04/2024,Hasta $75.000.000,2024-11-26 10:42:25
181,https://fondos.gob.cl/ficha/sernameg/equidad-de-genero/,CERRADO,Nacional,Servicio Nacional de la Mujer y  Equidad de Género - SERNAMEG,FONDO PARA LA EQUIDAD DE GÉNERO (FEG),Personas Naturales y Jurídicas,16/04/2024,13/05/2024,Hasta $4.000.000,2024-11-26 10:42:25
182,https://fondos.gob.cl/ficha/serpat/organizaciones-patrimoniales-ffop/,CERRADO,Nacional,Servicio Nacional del Patrimonio Cultural - SERPAT,FONDO DE FORTALECIMIENTO DE ORGANIZACIONES PATRIMONIALES (FFOP) 2024,Organizaciones,16/04/2024,15/05/2024,$50.000.000,2024-11-26 10:42:25
183,https://fondos.gob.cl/ficha/corfo/growth/,CERRADO,Nacional,Corporación de Fomento de la Producción - CORFO,START-UP CHILE- GROWTH,Organizaciones,16/04/2024,07/05/2024,Hasta $75.000.000,2024-11-26 10:42:25
184,https://fondos.gob.cl/ficha/corfo/ignite/,CERRADO,Nacional,Corporación de Fomento de la Producción - CORFO,START-UP CHILE-IGNITE,Personas Naturales y Jurídicas,16/04/2024,07/05/2024,Hasta $30.000.000,2024-11-26 10:42:25
185,https://fondos.gob.cl/ficha/corfo/build/,CERRADO,Nacional,Corporación de Fomento de la Producción - CORFO,START- UP CHILE- BUILD,Personas Naturales y Jurídicas,16/04/2024,07/05/2024,Hasta $15.000.000,2024-11-26 10:42:25
186,https://fondos.gob.cl/ficha/senama/fccdc/,CERRADO,Nacional,Servicio Nacional del Adulto Mayor - SENAMA,FONDO CONCURSABLE PARA CENTROS DIURNOS COMUNITARIOS,Organizaciones,24/04/2024,13/05/2024,$87.725.160 a $232.210.800,2024-11-26 10:42:25
187,https://fondos.gob.cl/ficha/mincap/psbch/,CERRADO,Nacional,"Ministerio de las Culturas, las Artes y el Patrimonio",CONCURSO PÚBLICO SELLO BICENTENARIO CHILOÉ,Persona Natural,30/04/2024,13/06/2024,$3.000.000,2024-11-26 10:42:25
188,https://fondos.gob.cl/ficha/mma/calefactores2024/,CERRADO,Regional,Ministerio del Medio Ambiente,"PROGRAMA DE RECAMBIO DE CALEFACTORES PARA LA COMUNA DE VALDIVIA, REGION DE LOS RIOS PROGRAMA DE RECAMBIO DE CALEFACTORES PARA LA COMUNA DE VALDIVIA, REGION DE LOS RIOS, LINEA PELLET Y AIRE ACONDICIONADO, AÑO 2024",Persona Natural,06/05/2024,27/05/2024,$100.000,2024-11-26 10:42:25
189,https://fondos.gob.cl/ficha/mincap/fondodelasartesescenicas-ecf/,CERRADO,Nacional,"Ministerio de las Culturas, las Artes y el Patrimonio",FONDO DE LAS ARTES ESCÉNICAS LLAMADO PARA ESPECIALISTAS DE LAS CONVOCATORIAS DEL FONDO NACIONAL DE FOMENTO Y DESARROLLO DE LAS ARTES ESCÉNICAS,Persona Natural,06/05/2024,31/05/2024,No aplica,2024-11-26 10:42:25
190,https://fondos.gob.cl/ficha/mincap/xxccmluisadvis/,CERRADO,Nacional,"Ministerio de las Culturas, las Artes y el Patrimonio",XX CONCURSO DE COMPOSICIÓN MUSICAL LUIS ADVIS,Persona Natural,07/05/2024,16/07/2024,Entre $1.000.000 y $6.000.000,2024-11-26 10:42:25
191,https://fondos.gob.cl/ficha/corfo/gtt/,CERRADO,Regional,Corporación de Fomento de la Producción - CORFO,RED TECNOLÓGICA GTT+,Organizaciones,09/05/2024,10/07/2024,Hasta $3.500.000,2024-11-26 10:42:25
192,https://fondos.gob.cl/ficha/mincap/cpcfrec2024/,CERRADO,Nacional,"Ministerio de las Culturas, las Artes y el Patrimonio",CONVOCATORIA PÚBLICA PARA LA CREACIÓN Y FORTALECIMIENTO DE REDES EN EL ECOSISTEMA CREATIVO 2024,Organizaciones,10/05/2024,03/06/2024,$22.500.000,2024-11-26 10:42:25
193,https://fondos.gob.cl/ficha/mincap/csea2024/,CERRADO,Nacional,"Ministerio de las Culturas, las Artes y el Patrimonio",CONVOCATORIA SELLO DE EXCELENCIA A LA ARTESANÍA 2024,Persona Natural,10/05/2024,09/06/2024,$1.000.000.000,2024-11-26 10:42:25
194,https://fondos.gob.cl/ficha/sag/gssa2024/,CERRADO,Regional,Servicio Agrícola Ganadero,"Concurso N° 02, con énfasis en prácticas relacionadas a la Gestión Sostenible de suelos Agropecuarios, del Sistema de Incentivos para la Sustentabilidad Agroambiental de los Suelos Agropecuarios de la Región de La Araucanía, temporada 2024.",Personas Naturales y Jurídicas,13/05/2024,10/06/2024,De $10.346.560,2024-11-26 10:42:25
195,https://fondos.gob.cl/ficha/sag/ceaif2024/,CERRADO,Regional,Servicio Agrícola Ganadero,CONCURSO N° 3 CONTINUIDAD EMERGENCIA AGRÍCOLA INCENDIOS FORESTALES 2023 TEMPORADA 2024,Personas Naturales y Jurídicas,13/05/2024,10/06/2024,De $10.346.560,2024-11-26 10:42:25
196,https://fondos.gob.cl/ficha/sag/csaat-biobio/,CERRADO,Regional,Servicio Agrícola Ganadero,CONSERVACIÓN DE SUELOS Y ASEGURAMIENTO ALIMENTARIO TEMPORADA 2024- REGIÓN DEL BIOBIO,Personas Naturales y Jurídicas,13/05/2024,24/06/2024,Hasta 160 UTM,2024-11-26 10:42:25
197,https://fondos.gob.cl/ficha/sag/ei2023biobio/,CERRADO,Regional,Servicio Agrícola Ganadero,CONCURSO N°3 EMERGENCIA INCENDIOS 2023 REGIÓN DEL BIOBÍO,Personas Naturales y Jurídicas,13/05/2024,24/06/2024,Hasta 160 UTM,2024-11-26 10:42:25
198,https://fondos.gob.cl/ficha/senadis/fcs/,CERRADO,Nacional,Servicio Nacional de la discapacidad - SENADIS,CONVOCATORIA FONDOS CONCURSABLES SENADIS 2024,Organizaciones,14/05/2024,31/05/2024,Hasta $63.305.625,2024-11-26 10:42:25
199,https://fondos.gob.cl/ficha/corfo/consolida-y-expande/,CERRADO,Nacional,Corporación de Fomento de la Producción - CORFO,CONSOLIDA Y EXPANDE,Personas Naturales y Jurídicas,16/05/2024,09/07/2024,Hasta $150.000.000,2024-11-26 10:42:25
200,https://fondos.gob.cl/ficha/mincap/icpp2024/,CERRADO,Nacional,"Ministerio de las Culturas, las Artes y el Patrimonio",FONDO DE INFRAESTRUCTURA CULTURAL PÚBLICA Y PRIVADA 2024,Organizaciones,17/05/2024,08/07/2024,Entre $15.000.000 y $300.000.000,2024-11-26 10:42:25
201,https://fondos.gob.cl/ficha/mincap/ciae2024/,CERRADO,Nacional,"Ministerio de las Culturas, las Artes y el Patrimonio",CIRCULACIÓN INTERNACIONAL DE ARTES ESCÉNICAS 2024 – SEGUNDO LLAMADO,Personas Naturales y Jurídicas,20/05/2024,18/06/2024,Entre $5.000.000 y $20.000.000,2024-11-26 10:42:25
202,https://fondos.gob.cl/ficha/corfo/par/,CERRADO,Regional,Corporación de Fomento de la Producción - CORFO,PROGRAMA DE APOYO A LA REACTIVACIÓN - PAR,Personas Naturales y Jurídicas,22/05/2024,17/07/2024,Hasta $2.000.000,2024-11-26 10:42:25
203,https://fondos.gob.cl/ficha/mincap/videoclipyaudiovisual/,CERRADO,Nacional,"Ministerio de las Culturas, las Artes y el Patrimonio",VIDEOCLIP Y REGISTRO AUDIOVISUAL PARA PROMOCIÓN DE LA MÚSICA NACIONAL - SEGUNDA APERTURA,Personas Naturales y Jurídicas,28/05/2024,26/06/2024,Hasta $5.000.000,2024-11-26 10:42:25
204,https://fondos.gob.cl/ficha/corfo/red-mercados/,CERRADO,Nacional,Corporación de Fomento de la Producción - CORFO,RED MERCADOS,Personas Naturales y Jurídicas,31/05/2024,31/07/2024,Hasta $40.000.000,2024-11-26 10:42:25
205,https://fondos.gob.cl/ficha/corfo/viraliza/,CERRADO,Nacional,Corporación de Fomento de la Producción - CORFO,VIRALIZA,Organizaciones,31/05/2024,01/07/2024,Hasta $50.000.000,2024-11-26 10:42:25
206,https://fondos.gob.cl/ficha/subint/presidente-de-la-republica/,CERRADO,Nacional,Subsecretaría del Interior - SUBINT,FONDO SOCIAL PRESIDENTE DE LA REPÚBLICA,Organizaciones,03/06/2024,19/07/2024,Entre $300.000 y $40.000.000,2024-11-26 10:42:25
207,https://fondos.gob.cl/ficha/corfo/sumate_a_innovar/,CERRADO,Nacional,Corporación de Fomento de la Producción - CORFO,SÚMATE A INNOVAR,Personas Naturales y Jurídicas,04/06/2024,24/07/2024,Hasta $10.000.000,2024-11-26 10:42:25
208,https://fondos.gob.cl/ficha/senadis/cpdacmep-senadis/,CERRADO,Nacional,Servicio Nacional de la discapacidad - SENADIS,CONVOCATORIA PÚBLICA PARA EL DESARROLLO DE ACTIVIDADES DE CAPACITACIÓN EN EL MARCO DE LA EJECUCIÓN DE PROGRAMAS DE SENADIS,Persona Jurídica,04/06/2024,21/06/2024,$10.000.000 hasta $312.139.000,2024-11-26 10:42:25
209,https://fondos.gob.cl/ficha/mincap/orquesta-juvenil2024/,CERRADO,Nacional,"Ministerio de las Culturas, las Artes y el Patrimonio","FONDO DE LA MÚSICA, CONVOCATORIA DE IBERORQUESTAS JUVENILES PARA SER PARTE DE LA ORQUESTA JUVENIL IBEROAMERICANA 2024",Persona Natural,04/06/2024,02/07/2024,No aplica,2024-11-26 10:42:25
210,https://fondos.gob.cl/ficha/corfo/semilla-expande/,CERRADO,Nacional,Corporación de Fomento de la Producción - CORFO,SEMILLA EXPANDE,Persona Jurídica,06/06/2024,04/07/2024,Hasta $45.000.000,2024-11-26 10:42:25
211,https://fondos.gob.cl/ficha/corfo/inversion-productiva/,CERRADO,Regional,Corporación de Fomento de la Producción - CORFO,DESARROLLO INVERSIÓN: INVERSIÓN PRODUCTIVA,Personas Naturales y Jurídicas,06/06/2024,27/07/2024,Hasta $50.000.000,2024-11-26 10:42:25
212,https://fondos.gob.cl/ficha/corfo/semilla-inicia/,CERRADO,Nacional,Corporación de Fomento de la Producción - CORFO,SEMILLA INICIA,Personas Naturales y Jurídicas,07/06/2024,25/06/2024,Hasta $15.000.000,2024-11-26 10:42:25
213,https://fondos.gob.cl/ficha/corfo/programadifusiontecnologicaregional/,CERRADO,Regional,Corporación de Fomento de la Producción - CORFO,PROGRAMA DE DIFUSIÓN TECNOLÓGICA REGIONAL,Personas Naturales y Jurídicas,07/06/2024,30/10/2024,Hasta $90.000.000,2024-11-26 10:42:25
214,https://fondos.gob.cl/ficha/mincap/patrimonio-audiovisual2024/,CERRADO,Nacional,"Ministerio de las Culturas, las Artes y el Patrimonio","FONDO AUDIOVISUAL, PROGRAMA DE APOYO A LA PRESERVACIÓN DEL PATRIMONIO AUDIOVISUAL 2024",Persona Jurídica,07/06/2024,08/07/2024,Entre $25.000.000 y $60.000.000,2024-11-26 10:42:25
215,https://fondos.gob.cl/ficha/mincap/circulacionmusicachilena2024/,CERRADO,Nacional,"Ministerio de las Culturas, las Artes y el Patrimonio",Apoyo a la Circulación de la Música Chilena – Tercer llamado – Convocatoria 2024,Personas Naturales y Jurídicas,10/06/2024,10/07/2024,Entre $5.600.000 y $9.000.000,2024-11-26 10:42:25
216,https://fondos.gob.cl/ficha/mineduc/fonide2024/,CERRADO,Nacional,Ministerio de Educación,FONDO DE INVESTIGACIÓN Y DESARROLLO EN EDUCACIÓN (FONIDE),Organizaciones,10/06/2024,11/07/2024,Máximo de $32.000.000,2024-11-26 10:42:25
217,https://fondos.gob.cl/ficha/subde/fae2024/,CERRADO,Nacional,Subsecretaria de Energía  - SUBDE,FONDO DE ACCESO A LA ENERGÍA  (FAE),Organizaciones,10/06/2024,04/08/2024,-,2024-11-26 10:42:25
218,https://fondos.gob.cl/ficha/corfo/emp-escalamiento/,CERRADO,Nacional,Corporación de Fomento de la Producción - CORFO,ESCALAMIENTO,Persona Jurídica,11/06/2024,09/07/2024,Hasta $60.000.000,2024-11-26 10:42:25
219,https://fondos.gob.cl/ficha/serpat/serpat-regional/,CERRADO,Regional,Servicio Nacional del Patrimonio Cultural - SERPAT,"FONDO DEL PATRIMONIO CULTURAL, SERPAT (CONCURSO REGIONAL)",Personas Naturales y Jurídicas,12/06/2024,26/07/2024,Entre $7.000.000 y $15.000.000,2024-11-26 10:42:25
220,https://fondos.gob.cl/ficha/serpat/patrimonio2024/,CERRADO,Nacional,Servicio Nacional del Patrimonio Cultural - SERPAT,"FONDO DEL PATRIMONIO CULTURAL, SERPAT (CONCURSO NACIONAL)",Personas Naturales y Jurídicas,12/06/2024,26/08/2024,Entre $35.000.000 y $85.000.000,2024-11-26 10:42:25
221,https://fondos.gob.cl/ficha/corfo/inn-innova-region/,CERRADO,Nacional,Corporación de Fomento de la Producción - CORFO,INNOVA REGIÓN,Personas Naturales y Jurídicas,13/06/2024,07/08/2024,Hasta $60.000.000,2024-11-26 10:42:25
222,https://fondos.gob.cl/ficha/goreatacama/atacama-culturales-deportivas/,CERRADO,Regional,Gobierno Regional de Atacama,Fondos Concursables Gobierno Regional de Atacama: Actividades Socio Culturales y deportivas a través de Eventos Masivos,Organizaciones,14/06/2024,04/07/2024,Hasta $200.000.000,2024-11-26 10:42:25
223,https://fondos.gob.cl/ficha/mincap/fondart-nacional-2024/,CERRADO,Nacional,"Ministerio de las Culturas, las Artes y el Patrimonio",CIRCULACIÓN NACIONAL E INTERNACIONAL- TERCER PERIODO- FONDART NACIONAL 2024,Personas Naturales y Jurídicas,14/06/2024,15/07/2024,Entre $7.000.000 y $15.000.000,2024-11-26 10:42:25
224,https://fondos.gob.cl/ficha/mincap/ibermusicas2024/,CERRADO,Nacional,"Ministerio de las Culturas, las Artes y el Patrimonio",CONVOCATORIA DE IBERMUSICAS 2024,Personas Naturales y Jurídicas,15/06/2024,15/09/2024,No aplica,2024-11-26 10:42:25
225,https://fondos.gob.cl/ficha/mincap/trayectoria-artes-escenicas/,CERRADO,Nacional,"Ministerio de las Culturas, las Artes y el Patrimonio",Convocatoria Compañías de trayectoria de las artes escénicas: Apoyo a planes de gestión con énfasis en la creación,Persona Jurídica,17/06/2024,24/07/2024,Entre $46.000.000 y $116.000.000,2024-11-26 10:42:25
226,https://fondos.gob.cl/ficha/mma/icetsj/,CERRADO,Comunal,Ministerio del Medio Ambiente,"INICIATIVAS CIUDADANAS CON ENFOQUE TSEJ CONCÓN, QUINTERO Y PUCHUNCAVÍ",Organizaciones,19/06/2024,31/07/2024,$10.000.000,2024-11-26 10:42:25
227,https://fondos.gob.cl/ficha/mma/icetsj-huasco/,CERRADO,Comunal,Ministerio del Medio Ambiente,INICIATIVAS CIUDADANAS CON ENFOQUE TSEJ HUASCO,Organizaciones,19/06/2024,31/07/2024,$10.000.000,2024-11-26 10:42:25
228,https://fondos.gob.cl/ficha/mma/icetsj-coronel/,CERRADO,Comunal,Ministerio del Medio Ambiente,INICIATIVAS CIUDADANAS CON ENFOQUE TSEJ CORONEL,Organizaciones,19/06/2024,31/07/2024,$10.000.000,2024-11-26 10:42:25
229,https://fondos.gob.cl/ficha/subctci/cienciapublica-espacios/,CERRADO,Nacional,"Subsecretaría de Ciencia, Tecnología, Conocimiento e Innovación - SUBCTCI","Concurso Nacional de Ciencia Pública 2024-2025 para el Desarrollo de Experiencias de Comunicación en el ámbito de los conocimientos Científicos, Humanísticos, Artísticos y Tecnológicos en Espacios Regionales de Acceso Público y Gratuito",Persona Jurídica,19/06/2024,30/07/2024,$50.000.000,2024-11-26 10:42:25
230,https://fondos.gob.cl/ficha/subctci/cienciapublica-dispositivos/,CERRADO,Nacional,"Subsecretaría de Ciencia, Tecnología, Conocimiento e Innovación - SUBCTCI","Concurso Nacional Ciencia Pública 2024-2025 para el desarrollo y distribución gratuita de dispositivos de comunicación en el ámbito de los conocimientos científicos, humanísticos, artísticos y tecnológicos",Personas Naturales y Jurídicas,19/06/2024,30/07/2024,$25.000.000,2024-11-26 10:42:25
231,https://fondos.gob.cl/ficha/mincap/fondoaudiovisual-veniceproductionbridge/,CERRADO,Nacional,"Ministerio de las Culturas, las Artes y el Patrimonio",PROGRAMA DE APOYO PARA LA PARTICIPACIÓN EN MERCADOS INTERNACIONALES- FONDO AUDIOVISUAL- VENICE PRODUCTION BRIDGE,Personas Naturales y Jurídicas,20/06/2024,12/07/2024,No aplica,2024-11-26 10:42:25
232,https://fondos.gob.cl/ficha/goreatacama/olimpiadasmatematicas2024/,CERRADO,Regional,Gobierno Regional de Atacama,FONDOS CONCURSABLE GOBIERNO REGIONAL DE ATACAMA: OLIMPIADAS INTERNACIONAL DE MATEMÁTICAS 2024,Organizaciones,24/06/2024,02/07/2024,Hasta $125.000.000,2024-11-26 10:42:25
233,https://fondos.gob.cl/ficha/mincap/fondodellibroylalectura-2025/,CERRADO,Nacional,"Ministerio de las Culturas, las Artes y el Patrimonio",FONDO DEL LIBRO Y LA LECTURA 2025,Personas Naturales y Jurídicas,26/06/2024,30/07/2024,Entre $4.000.000 a $40.000.000,2024-11-26 10:42:25
234,https://fondos.gob.cl/ficha/mincap/fondodeamusica2025/,CERRADO,Nacional,"Ministerio de las Culturas, las Artes y el Patrimonio",FONDO DE LA MÚSICA 2025,Personas Naturales y Jurídicas,27/06/2024,02/08/2024,Entre $3.000.000 y $40.000.000,2024-11-26 10:42:25
235,https://fondos.gob.cl/ficha/mma/ecosistemas-antofagasta/,CERRADO,Regional,Ministerio del Medio Ambiente,LÍNEAS DE BASES PÚBLICAS EN ECOSISTEMAS DE ANTOFAGASTA,Organizaciones,01/07/2024,19/08/2024,$1.000.000.000,2024-11-26 10:42:25
236,https://fondos.gob.cl/ficha/mma/ecosistemas-metropolitana/,CERRADO,Regional,Ministerio del Medio Ambiente,LÍNEAS DE BASES PÚBLICAS EN ECOSISTEMAS DE LA REGIÓN METROPOLITANA,Organizaciones,01/07/2024,19/08/2024,$1.000.000.000,2024-11-26 10:42:25
237,https://fondos.gob.cl/ficha/mincap/artesescenicas2025/,CERRADO,Nacional,"Ministerio de las Culturas, las Artes y el Patrimonio",FONDO DE LAS ARTES ESCÉNICAS 2025,Personas Naturales y Jurídicas,02/07/2024,13/08/2024,Entre $3.000.000 y $40.000.000,2024-11-26 10:42:25
238,https://fondos.gob.cl/ficha/subpesca/pasetiphptcaley18892/,CERRADO,Nacional,Subsecretaria de Pesca y Acuicultura  - SUBPESCA,PROGRAMA DE APOYO SOCIAL PARA EX TRABAJADORES DE LA INDUSTRIA PESQUERA QUE HAYAN PERDIDO SU TRABAJO COMO CONSECUENCIA DE LA APLICACIÓN DE LA LEY N°18.892,Persona Natural,03/07/2024,05/08/2024,40UF,2024-11-26 10:42:25
239,https://fondos.gob.cl/ficha/mincap/participaciomercadosinternacionales/,CERRADO,Nacional,"Ministerio de las Culturas, las Artes y el Patrimonio",PROGRAMA DE APOYO PARA LA PARTICIPACIÓN EN MERCADOS INTERNACIONALES  – FONDO AUDIOVISUAL– PIXELATL,Persona Natural,04/07/2024,18/07/2024,No aplica,2024-11-26 10:42:25
240,https://fondos.gob.cl/ficha/mincap/fea-2024/,CERRADO,Nacional,"Ministerio de las Culturas, las Artes y el Patrimonio",FORTALECIMIENTO DE LA EMPRESA AUDIOVISUAL,Persona Jurídica,05/07/2024,08/08/2024,$25.000.000,2024-11-26 10:42:25
241,https://fondos.gob.cl/ficha/mincap/fps2024/,CERRADO,Nacional,"Ministerio de las Culturas, las Artes y el Patrimonio",FORTALECIMIENTO DE PROYECTOS DE SERIE,Persona Jurídica,05/07/2024,08/08/2024,Entre $9.000.000 y $15.000.000,2024-11-26 10:42:25
242,https://fondos.gob.cl/ficha/mincap/fpl2024/,CERRADO,Nacional,"Ministerio de las Culturas, las Artes y el Patrimonio",FORTALECIMIENTO DE PROYECTOS DE LARGOMETRAJE,Persona Jurídica,05/07/2024,08/08/2024,Entre $15.000.000 y $20.000.000,2024-11-26 10:42:25
243,https://fondos.gob.cl/ficha/mincap/fpv2024/,CERRADO,Nacional,"Ministerio de las Culturas, las Artes y el Patrimonio",FORTALECIMIENTO DE PROYECTOS DE VIDEOJUEGOS,Persona Jurídica,05/07/2024,08/08/2024,$25.000.000,2024-11-26 10:42:25
244,https://fondos.gob.cl/ficha/mincap/participacionmercadosinternacionales/,CERRADO,Nacional,"Ministerio de las Culturas, las Artes y el Patrimonio",Programa de apoyo para la Participación en Mercados Internacionales – Fondo Audiovisual – The Industry Club San Sebastian,Personas Naturales y Jurídicas,09/07/2024,23/07/2024,No aplica,2024-11-26 10:42:25
245,https://fondos.gob.cl/ficha/mincap/idfa/,CERRADO,Nacional,"Ministerio de las Culturas, las Artes y el Patrimonio",PROGRAMA DE APOYO PARA LA PARTICIPACIÓN EN MERCADOS INTERNACIONALES- FONDO AUDIOVISUAL– IDFA,Personas Naturales y Jurídicas,12/07/2024,26/07/2024,No aplica,2024-11-26 10:42:25
246,https://fondos.gob.cl/ficha/mincap/papmi2024/,CERRADO,Nacional,"Ministerio de las Culturas, las Artes y el Patrimonio",PROGRAMA DE APOYO PARA LA PARTICIPACIÓN EN MERCADOS INTERNACIONALES 2024- FONDO AUDIOVISUAL- MIPCOM/MIPJR 2024- FRANCIA,Personas Naturales y Jurídicas,15/07/2024,30/07/2024,No aplica,2024-11-26 10:42:25
247,https://fondos.gob.cl/ficha/mincap/mipcancun/,CERRADO,Nacional,"Ministerio de las Culturas, las Artes y el Patrimonio",PROGRAMA DE APOYO PARA LA PARTICIPACIÓN EN MERCADOS INTERNACIONALES– FONDO AUDIOVISUAL- MIPCANCÚN,Personas Naturales y Jurídicas,15/07/2024,30/07/2024,No aplica,2024-11-26 10:42:25
248,https://fondos.gob.cl/ficha/suseso/investigacioneinnovacion/,CERRADO,Nacional,Superintendencia de Seguridad Social,CONVOCATORIA ESTUDIOS DE INVESTIGACIÓN E INNOVACIÓN EN SEGURIDAD Y SALUD EN EL TRABAJO,Personas Naturales y Jurídicas,15/07/2024,16/08/2024,Valores máximos entre $9.885.150 y $92.261.400,2024-11-26 10:42:25
249,https://fondos.gob.cl/ficha/muncruz/fondeve2024delacruz/,CERRADO,Comunal,Ilustre Municipalidad de la Cruz,FONDEVE 2024,Organizaciones,15/07/2024,25/08/2024,Entre $500.000 y $800.000,2024-11-26 10:42:25
250,https://fondos.gob.cl/ficha/sernac/fcac/,CERRADO,Nacional,Servicio Nacional del Consumidor (SERNAC),FONDO CONCURSABLE SERNAC PARA EL FINANCIAMIENTO DE INICIATIVAS DE ASOCIACIONES DE CONSUMIDORES. SEGUNDO LLAMADO 2024,Organizaciones,17/07/2024,13/08/2024,Entre $3.000.000 a $75.000.000,2024-11-26 10:42:25
251,https://fondos.gob.cl/ficha/mincap/fpa2024segundollamado/,CERRADO,Nacional,"Ministerio de las Culturas, las Artes y el Patrimonio",FORMACIÓN DE PÚBLICOS PARA EL AUDIOVISUAL 2024- SEGUNDO LLAMADO,Persona Jurídica,17/07/2024,14/08/2024,Entre $25.000.000 y $30.000.000,2024-11-26 10:42:25
252,https://fondos.gob.cl/ficha/muninunoa/fondeve2024nunoa/,CERRADO,Comunal,I. Municipalidad de Ñuñoa,FONDO DE DESARROLLO VECINAL (FONDEVE) 2024- Municipalidad de Ñuñoa.,Organizaciones,17/07/2024,14/08/2024,Entre $5.000.000 a $7.000.000,2024-11-26 10:42:25
253,https://fondos.gob.cl/ficha/sercotec/pcfn/,CERRADO,Nacional,Servicio de Cooperación Técnica - SERCOTEC,PROGRAMA CONFEDERACIONES Y FEDERACIONES NACIONALES,Persona Jurídica,17/07/2024,31/07/2024,Hasta $20.000.000,2024-11-26 10:42:25
254,https://fondos.gob.cl/ficha/mincap/mercadosinternacionales/,CERRADO,Nacional,"Ministerio de las Culturas, las Artes y el Patrimonio",PROGRAMA DE APOYO PARA LA PARTICIPACIÓN EN MERCADOS INTERNACIONALES – FONDO AUDIOVISUAL-VENTANA SUR,Personas Naturales y Jurídicas,19/07/2024,02/08/2024,No aplica,2024-11-26 10:42:25
255,https://fondos.gob.cl/ficha/mincap/fondart2025/,CERRADO,Nacional,"Ministerio de las Culturas, las Artes y el Patrimonio",FONDART NACIONAL 2025,Personas Naturales y Jurídicas,19/07/2024,26/08/2024,Entre $7.500.000 y $25.000.000,2024-11-26 10:42:25
256,https://fondos.gob.cl/ficha/mincap/fondartregional2025/,CERRADO,Nacional,"Ministerio de las Culturas, las Artes y el Patrimonio",FONDART REGIONAL 2025,Personas Naturales y Jurídicas,19/07/2024,26/08/2024,Entre $12.000.000 y $60.000.000,2024-11-26 10:42:25
257,https://fondos.gob.cl/ficha/suseso/cuesoevaluadoresenseguridadysalud/,CERRADO,Nacional,Superintendencia de Seguridad Social,CONCURSO EVALUADORES(AS) EXTERNOS(AS) ESTUDIOS DE INVESTIGACIÓN E INNOVACIÓN EN SEGURIDAD Y SALUD EN EL TRABAJO,Persona Natural,22/07/2024,11/08/2024,Entre $80.000 y $100.000 por proyecto evaluado,2024-11-26 10:42:25
258,https://fondos.gob.cl/ficha/mincap/fondoaudiovisual2025/,CERRADO,Nacional,"Ministerio de las Culturas, las Artes y el Patrimonio",FONDO AUDIOVISUAL 2025,Personas Naturales y Jurídicas,23/07/2024,29/08/2024,Entre 6.000.000 y 325.000.000,2024-11-26 10:42:25
259,https://fondos.gob.cl/ficha/prochile/concursoservicios/,CERRADO,Nacional,Dirección General de Promoción de Exportaciones - ProChile,SERVICIOS,Persona Jurídica,25/07/2024,21/08/2024,Hasta $25.000.000,2024-11-26 10:42:25
260,https://fondos.gob.cl/ficha/prochile/concursoindustriascreativas/,CERRADO,Nacional,Dirección General de Promoción de Exportaciones - ProChile,INDUSTRIAS CREATIVAS,Persona Jurídica,25/07/2024,21/08/2024,Hasta $25.000.000,2024-11-26 10:42:25
261,https://fondos.gob.cl/ficha/mincap/mejoraplandeaccion/,CERRADO,Nacional,"Ministerio de las Culturas, las Artes y el Patrimonio",LLAMADO PARA ACCEDER A CONSULTORÍA PARA LA ELABORACIÓN Y/O MEJORA DE PLAN GESTIÓN Y PROYECTO PROGRAMÁTICO,Persona Jurídica,31/07/2024,20/08/2024,No aplica,2024-11-26 10:42:25
262,https://fondos.gob.cl/ficha/injuv/compromisojoven2024/,CERRADO,Nacional,Instituto Nacional De la Juventud (INJUV),FONDO COMPROMISO JOVEN 2024,Organizaciones,02/08/2024,02/09/2024,Hasta $1.750.000,2024-11-26 10:42:25
263,https://fondos.gob.cl/ficha/mincap/priae2024/,CERRADO,Nacional,"Ministerio de las Culturas, las Artes y el Patrimonio",PROGRAMA DE RESIDENCIAS INTERNACIONALES EN ARTES ESCÉNICAS 2024,Persona Jurídica,07/08/2024,24/09/2024,$15.000.000,2024-11-26 10:42:25
264,https://fondos.gob.cl/ficha/goreatacama/becasiniciativasyartistas/,CERRADO,Regional,Gobierno Regional de Atacama,CONCURSO BECAS INICIATIVAS DE CIENCIA Y ARTISTAS CULTURALES REGIONALES,Organizaciones,09/08/2024,23/08/2024,Hasta $14.000.000,2024-11-26 10:42:25
265,https://fondos.gob.cl/ficha/goreantofagasta/frpd2024antofagasta/,CERRADO,Regional,Gobierno Regional de Antofagasta,FONDO REGIONAL PARA LA PRODUCTIVIDAD Y EL DESARROLLO,Persona Jurídica,09/08/2024,29/08/2024,Entre $2.000.000.000 y $4.000.000.000,2024-11-26 10:42:25
266,https://fondos.gob.cl/ficha/goreantofagasta/frpd-fortaleciemientocapitalhumano/,CERRADO,Nacional,Gobierno Regional de Antofagasta,FRPD - FORTALECIMIENTO DE CAPITAL HUMANO,Persona Jurídica,09/08/2024,29/08/2024,Entre $50.000.000 y $300.000.000,2024-11-26 10:42:25
267,https://fondos.gob.cl/ficha/mincap/fondodellibroylectura-frankfurt/,CERRADO,Nacional,"Ministerio de las Culturas, las Artes y el Patrimonio",CONVOCATORIA PARA LA ASISTENCIA A LA FERIA DE FRANKFURT 2024,Persona Jurídica,12/08/2024,26/08/2024,No aplica,2024-11-26 10:42:25
268,https://fondos.gob.cl/ficha/agcid/contraelhambreylapobreza/,CERRADO,Nacional,Agencia Chilena de cooperacion internacional para el desarrollo (AGCID),FONDO CHILE CONTRA EL HAMBRE Y LA POBREZA,Organizaciones,12/08/2024,04/10/2024,Sin Definir,2024-11-26 10:42:25
269,https://fondos.gob.cl/ficha/mincap/fondomusicac2025/,CERRADO,Nacional,"Ministerio de las Culturas, las Artes y el Patrimonio",Fondo de la Música: Apoyo a la Circulación de la Música Chilena 2025 - Primer Llamado,Personas Naturales y Jurídicas,13/08/2024,12/09/2024,Entre $8.000.000 y $15.000.000,2024-11-26 10:42:25
270,https://fondos.gob.cl/ficha/mincap/cedoc-cnac/,CERRADO,Nacional,"Ministerio de las Culturas, las Artes y el Patrimonio",CONVOCATORIA PARA EL 13° CONCURSO DE ENSAYOS SOBRE ARTES VISUALES – CEDOC / CNAC,Persona Natural,14/08/2024,08/10/2024,Hasta $500.000,2024-11-26 10:42:25
271,https://fondos.gob.cl/ficha/sep/fiep2024/,CERRADO,Nacional,Subsecretaría de Educación Parvularia - SEP,FONDO DE INNOVACIÓN DE EDUCACIÓN PARVULARIA -FIEP,Persona Natural,19/08/2024,06/09/2024,Entre $5.000.000 y $15.000.000,2024-11-26 10:42:25
272,https://fondos.gob.cl/ficha/mincap/fondomusicacseg2025/,CERRADO,Nacional,"Ministerio de las Culturas, las Artes y el Patrimonio",Fondo de la Música: Apoyo a la Circulación de la Música Chilena 2025 - Segundo Llamado,Personas Naturales y Jurídicas,19/08/2024,25/09/2024,Hasta $15.000.000,2024-11-26 10:42:25
273,https://fondos.gob.cl/ficha/mma/fpa2025-pspi/,CERRADO,Nacional,Ministerio del Medio Ambiente,FONDO DE PROTECCIÓN AMBIENTAL 2025- PROYECTOS SUSTENTABLES PARA PUEBLOS INDÍGENAS,Organizaciones,21/08/2024,02/10/2024,$6.000.000,2024-11-26 10:42:25
274,https://fondos.gob.cl/ficha/mma/fpa2025-psee/,CERRADO,Nacional,Ministerio del Medio Ambiente,FONDO DE PROTECCIÓN AMBIENTAL 2025- PROYECTOS SUSTENTABLES EN ESTABLECIMIENTOS EDUCACIONALES,Persona Jurídica,21/08/2024,02/10/2024,$6.000.000,2024-11-26 10:42:25
275,https://fondos.gob.cl/ficha/mma/fpa2025-psc/,CERRADO,Nacional,Ministerio del Medio Ambiente,FONDO DE PROTECCIÓN AMBIENTAL 2025 - PROYECTOS SUSTENTABLES CIUDADANOS,Persona Jurídica,21/08/2024,02/10/2024,$6.000.000,2024-11-26 10:42:25
276,https://fondos.gob.cl/ficha/mincap/fondomusicaorqpopulares2025/,CERRADO,Nacional,"Ministerio de las Culturas, las Artes y el Patrimonio",Fondo de la Música: Programa de Apoyo a las Orquestas Profesionales Populares,Persona Jurídica,22/08/2024,24/09/2024,Hasta $40.000.000,2024-11-26 10:42:25
277,https://fondos.gob.cl/ficha/mincap/fondomusicaorq2025/,CERRADO,Nacional,"Ministerio de las Culturas, las Artes y el Patrimonio",Fondo de la Música: Programa de Apoyo a las Orquestas Profesionales Doctas,Persona Jurídica,22/08/2024,24/09/2024,Entre $125.000.000 y $145.000.000,2024-11-26 10:42:25
278,https://fondos.gob.cl/ficha/mincap/foco2025/,CERRADO,Nacional,"Ministerio de las Culturas, las Artes y el Patrimonio","Fondo de la Música: Convocatoria Línea de Asistencia a Mercados FOCO 2025 – FIMGDL, BIME PRO Bogotá y CLASSICAL NEXT",Personas Naturales y Jurídicas,28/08/2024,04/11/2024,No aplica,2024-11-26 10:42:25
279,https://fondos.gob.cl/ficha/mma/fpa2024-/,CERRADO,Nacional,Ministerio del Medio Ambiente,FONDO DE PROTECCIÓN AMBIENTAL (FPA): CONTRIBUYENDO A LA CONSERVACIÓN DEL PUDÚ EN LA PROVINCIA DE CHILOÉ,Organizaciones,28/08/2024,11/10/2024,$30.000.000,2024-11-26 10:42:25
280,https://fondos.gob.cl/ficha/mincap/artesania_curatorialbienal/,CERRADO,Nacional,"Ministerio de las Culturas, las Artes y el Patrimonio",Área de Artesanía: Convocatoria para el proyecto curatorial de la Bienal Révélations 2025,Persona Natural,29/08/2024,30/09/2024,$5.000.000,2024-11-26 10:42:25
281,https://fondos.gob.cl/ficha/mincap/galeria-gabriela-mistral/,CERRADO,Nacional,"Ministerio de las Culturas, las Artes y el Patrimonio",Convocatoria para exhibiciones e intervenciones artísticas Galería Gabriela Mistral 2025,Persona Natural,03/09/2024,14/10/2024,Entre $5.000.000 y $15.000.000,2024-11-26 10:42:25
282,https://fondos.gob.cl/ficha/mincap/festcomicylibro/,CERRADO,Nacional,"Ministerio de las Culturas, las Artes y el Patrimonio",Fondo del Libro: Convocatorias para participar en el Festival del Cómic de Angouleme y la Feria del Libro Infantil de Bolonia 2025,Personas Naturales y Jurídicas,03/09/2024,03/10/2024,No aplica,2024-11-26 10:42:25
283,https://fondos.gob.cl/ficha/goreatacama/frpd2024/,CERRADO,Regional,Gobierno Regional de Atacama,FONDO REGIONAL PARA LA PRODUCTIVIDAD Y EL DESARROLLO (FRPD) 2024 GOBIERNO REGIONAL DE ATACAMA,Persona Jurídica,04/09/2024,17/10/2024,Hasta $500.000.000,2024-11-26 10:42:25
284,https://fondos.gob.cl/ficha/mincap/programa-adquisicion-libros/,CERRADO,Nacional,"Ministerio de las Culturas, las Artes y el Patrimonio",Fondo del Libro y la lectura: Programa de Adquisición de libros de autores chilenos para distribución en Bibliotecas Públicas – Convocatoria 2024,Personas Naturales y Jurídicas,09/09/2024,10/10/2024,No aplica,2024-11-26 10:42:25
285,https://fondos.gob.cl/ficha/mincap/aepr2024/,CERRADO,Nacional,"Ministerio de las Culturas, las Artes y el Patrimonio",Consejo Nacional de Artes Escénicas: Premio a las Artes Escénicas Nacionales Presidente de la República 2024,Personas Naturales y Jurídicas,09/09/2024,10/10/2024,No aplica,2024-11-26 10:42:25
286,https://fondos.gob.cl/ficha/mincap/cpprmn/,CERRADO,Nacional,"Ministerio de las Culturas, las Artes y el Patrimonio",Consejo de Fomento de la Música Nacional: Convocatoria Premio a la Música Nacional Presidente de la República 2024,Personas Naturales y Jurídicas,12/09/2024,04/11/2024,No aplica,2024-11-26 10:42:25
287,https://fondos.gob.cl/ficha/mincap/audiovisual_pedrosienna/,CERRADO,Nacional,"Ministerio de las Culturas, las Artes y el Patrimonio",Fondo Audiovisual: Premios Pedro Sienna Extemporáneos,Personas Naturales y Jurídicas,12/09/2024,15/10/2024,No aplica,2024-11-26 10:42:25
288,https://fondos.gob.cl/ficha/mincap/pabellon19bienalarquitecturadevenecia2024/,CERRADO,Nacional,"Ministerio de las Culturas, las Artes y el Patrimonio",Área de Arquitectura: Concurso de ideas para el Pabellón de Chile en la 19ª Bienal de Arquitectura de Venecia,Persona Natural,16/09/2024,04/11/2024,-,2024-11-26 10:42:25
289,https://fondos.gob.cl/ficha/subctci/convocatoriafinanciamientoestructural/,CERRADO,Nacional,"Subsecretaría de Ciencia, Tecnología, Conocimiento e Innovación - SUBCTCI",CONVOCATORIA FINANCIAMIENTO ESTRUCTURAL I+D+i UNIVERSITARIO - ETAPA 1,Persona Jurídica,23/09/2024,24/10/2024,$100.000.000,2024-11-26 10:42:25
290,https://fondos.gob.cl/ficha/subctci/minciencia-desafiospublicos/,CERRADO,Nacional,"Subsecretaría de Ciencia, Tecnología, Conocimiento e Innovación - SUBCTCI",Desafíos Públicos Concurso Regular,Persona Natural: funcionarios públicos,27/09/2024,05/11/2024,Hasta $600.000.000,2024-11-26 10:42:25
291,https://fondos.gob.cl/ficha/rree/concurso-dirac/,CERRADO,Internacional,Ministerio de Relaciones Exteriores,CONCURSO ANUAL DE PROYECTOS CULTURALES DIRAC,Personas Naturales y Jurídicas,27/09/2024,08/11/2024,Entre US $7.000 y $15.000,2024-11-26 10:42:25
292,https://fondos.gob.cl/ficha/subctci/par-explora2025/,CERRADO,Nacional,"Subsecretaría de Ciencia, Tecnología, Conocimiento e Innovación - SUBCTCI",CONCURSO NACIONAL DE PROYECTOS ASOCIATIVOS REGIONALES (PAR) EXPLORA 2025-2026,Persona Jurídica,02/10/2024,06/11/2024,$290.000.000,2024-11-26 10:42:25
293,https://fondos.gob.cl/ficha/mincap/continuidad2025/,CERRADO,Nacional,"Ministerio de las Culturas, las Artes y el Patrimonio",PROGRAMA DE APOYO A ORGANIZACIONES CULTURALES COLABORADORAS (PAOCC) 2025 - CONTINUIDAD 2025,Persona Jurídica,15/10/2024,11/11/2024,-,2024-11-26 10:42:25
294,https://fondos.gob.cl/ficha/subctci/laboratoriocienciaspublicas/,CERRADO,Nacional,"Subsecretaría de Ciencia, Tecnología, Conocimiento e Innovación - SUBCTCI",CONCURSO NACIONAL LABORATORIO CIENCIA PÚBLICA PARA EL DISEÑO Y DESARROLLO DE PROYECTOS COMUNITARIOS DE COMUNICACIÓN EN EL ÁMBITO DE LOS CONOCIMIENTOS LOCALES 2024-2025,Organizaciones,17/10/2024,18/11/2024,Hasta $8.000.000,2024-11-26 10:42:25
295,https://fondos.gob.cl/ficha/ind/fondeporte-2024/,CERRADO,Nacional,Instituto Nacional del Deporte,Fondo Nacional para el Fomento del Deporte,Organizaciones,21/10/2024,13/11/2024,Hasta $7.500.000,2024-11-26 10:42:25
296,https://fondos.gob.cl/ficha/mincap/fondodellibroylalectura-adoai/,CERRADO,Nacional,"Ministerio de las Culturas, las Artes y el Patrimonio","FONDO DEL LIBRO 2025 - APOYO A LA DIFUSIÓN DE OBRAS, AUTORES E INDUSTRIA EDITORIAL - 1ER SEMESTRE 2025",Personas Naturales y Jurídicas,28/10/2024,26/11/2024,Hasta $4.000.000,2024-11-26 10:42:25
297,https://fondos.gob.cl/ficha/goretarapaca/cicyt2024/,CERRADO,Nacional,Gobierno Regional de Tarapacá,"CONCURSO DE INNOVACIÓN, COMPETITIVIDAD, CIENCIA Y TECNOLOGIA CICYT 2024",Persona Natural,05/11/2024,20/11/2024,Hasta $320.000.000,2024-11-26 10:42:25
298,https://fondos.gob.cl/ficha/mincap/economiacreativa-teatros/,CERRADO,Nacional,"Ministerio de las Culturas, las Artes y el Patrimonio",ECONOMÍA CREATIVA: Línea de Apoyo a Teatros Universitarios 2024,Persona Jurídica,07/11/2024,17/11/2024,$100.000.000,2024-11-26 10:42:25
